Time,Position_Robot,Speed_Robot,Speed_Wheel,Force_Wheel
0.00010728836059570312,1.0,1.8807388286019088e-19,12.0,40.0
0.08329176902770996,0.010301236393880937,0.13461878629385698,12.0,40.0
0.15008306503295898,0.010254124810147841,0.20029147296490277,12.0,40.0
0.1750319004058838,0.012679545712804854,0.8458099462696105,12.0,40.0
0.187544584274292,0.012499817864736702,1.0889245454036103,12.0,40.0
0.20002341270446777,0.01508136552059395,1.244921558316092,12.0,40.0
0.20834946632385254,0.011005965149670768,1.3376866422368887,12.0,40.0
0.21669292449951172,0.011572796170276262,1.4132937681046358,12.0,40.0
0.22501635551452637,0.012245983147420023,1.487097351626747,12.0,40.0
0.23334789276123047,0.012821535871595152,1.554199110304239,12.0,40.0
0.24169564247131348,0.013365322255112486,1.6309056965497037,12.0,40.0
0.250011682510376,0.014024204369511142,1.700676571012739,12.0,40.0
0.2583611011505127,0.014590572341794589,1.7664743863574701,12.0,40.0
0.266676664352417,0.015040939294104438,1.8202044735351797,12.0,40.0
0.2750110626220703,0.015589138882767861,1.8849646931622162,12.0,40.0
0.2833421230316162,0.016043397786517727,1.942120482699106,12.0,40.0
0.29168033599853516,0.01660245091558024,2.0085307714990783,12.0,40.0
0.30002284049987793,0.01701418207160388,2.0559574828668294,12.0,40.0
0.30839991569519043,0.01754387934843077,2.120326379410588,12.0,40.0
0.3167436122894287,0.01774625524214085,2.132051160850122,12.0,40.0
0.32506656646728516,0.017843997271352274,2.1413837402197933,12.0,40.0
0.3334214687347412,0.01782343701601924,2.1379070725550022,12.0,40.0
0.3417203426361084,0.01785791282376048,2.142888071193065,12.0,40.0
0.350085973739624,0.017833292702694237,2.140441523825167,12.0,40.0
0.35837602615356445,0.01787642491090624,2.1449317487668185,12.0,40.0
0.3667333126068115,0.017845238595430413,2.143107388552308,12.0,40.0
0.37511157989501953,0.017889684604573075,2.1461838561346434,12.0,40.0
0.3834095001220703,0.01786684524682597,2.1466580292103172,12.0,40.0
0.3917267322540283,0.017906403084870792,2.1477862671456314,12.0,40.0
0.40006184577941895,0.017890137231046377,2.148486855575105,12.0,40.0
0.4083678722381592,0.017905382796234937,2.1470251465303347,12.0,40.0
0.4167170524597168,0.017886852055751246,2.1495114026383706,12.0,40.0
0.42505455017089844,0.017885653239673505,2.143296911208221,12.0,40.0
0.4334087371826172,0.017889865276929817,2.149036449848446,12.0,40.0
0.4417591094970703,0.0178630443449177,2.1418982508308875,12.0,40.0
0.4500768184661865,0.017851771369655656,2.1425043243569832,12.0,40.0
0.458465576171875,0.017893966991645027,2.1430097163557913,12.0,40.0
0.4667937755584717,0.017849277813695275,2.14108216966177,12.0,40.0
0.47513794898986816,0.017840560282153528,2.137590329255174,12.0,40.0
0.4834737777709961,0.017850075705706292,2.1403419168856743,12.0,40.0
0.4917771816253662,0.017843451904396845,2.13800990062993,12.0,40.0
0.5001070499420166,0.017856442340882128,2.142111120271049,12.0,40.0
0.5084125995635986,0.017846933617764016,2.1387080008617896,12.0,40.0
0.5167560577392578,0.017847077825482782,2.142187694854006,12.0,40.0
0.5250835418701172,0.017844559101383717,2.1383544596480255,12.0,40.0
0.5334386825561523,0.017849594997407903,2.142578148483694,12.0,40.0
0.5417866706848145,0.017849566474467893,2.139409292758405,12.0,40.0
0.5501039028167725,0.01784703244611885,2.142293168994686,12.0,40.0
0.5584454536437988,0.017850079433197608,2.13966561750569,12.0,40.0
0.5667612552642822,0.017849462601695287,2.1425466152504153,12.0,40.0
0.5752384662628174,0.017849566230037195,2.139216129762196,12.0,40.0
0.5834388732910156,0.017851121556733518,2.142637925076186,12.0,40.0
0.5917956829071045,0.017847470145325395,2.1392844099039365,12.0,40.0
0.6000964641571045,0.017850446304413126,2.1424399899463578,12.0,40.0
0.6084592342376709,0.0178174662551297,2.1408610482518338,12.0,40.0
0.6167697906494141,0.017855038434775317,2.1430273296070776,12.0,40.0
0.6251070499420166,0.017819646133768963,2.141066869980536,12.0,40.0
0.6334075927734375,0.01785653723780023,2.14329301713162,12.0,40.0
0.6417603492736816,0.017826859970932807,2.141837361137956,12.0,40.0
0.6501023769378662,0.0178506377984472,2.1433769065346637,12.0,40.0
0.658473014831543,0.017831384223998215,2.141671162378327,12.0,40.0
0.666780948638916,0.017853305939687147,2.1435886213533903,12.0,40.0
0.6751585006713867,0.017836827454250637,2.142157785297287,12.0,40.0
0.6834409236907959,0.017852567142860654,2.143369829670305,12.0,40.0
0.691765546798706,0.01783863754033055,2.142869176582738,12.0,40.0
0.7000818252563477,0.01785726003361887,2.1439277753522945,12.0,40.0
0.7084212303161621,0.017842158212172388,2.1431662834043506,12.0,40.0
0.7167651653289795,0.017857081726114554,2.143705074776418,12.0,40.0
0.7250957489013672,0.017847259438646068,2.142932470442811,12.0,40.0
0.7334692478179932,0.017855134007002338,2.1432606311023887,12.0,40.0
0.7417833805084229,0.017840848469264037,2.1436881625629516,12.0,40.0
0.7501235008239746,0.01786243827699341,2.144471404836968,12.0,40.0
0.7584397792816162,0.017838732810089963,2.1435082244343504,12.0,40.0
0.7667629718780518,0.01786346326654198,2.1446941673553237,12.0,40.0
0.7750816345214844,0.017832989531293864,2.141430557122138,12.0,40.0
0.7834146022796631,0.017862923158905586,2.144456574617471,12.0,40.0
0.7917745113372803,0.01783600713310074,2.141669152165312,12.0,40.0
0.8001127243041992,0.017866088869718633,2.144838408953397,12.0,40.0
0.808436393737793,0.017840284107641935,2.1416314101166978,12.0,40.0
0.8168022632598877,0.01782888811718042,2.1361586941037496,12.0,40.0
0.825106143951416,0.017844975344981195,2.1422062114663456,12.0,40.0
0.8334541320800781,0.01783118898278291,2.136223366987248,12.0,40.0
0.84175705909729,0.017841207552415472,2.140601799129122,12.0,40.0
0.8501133918762207,0.017832154911196385,2.1363133899355673,12.0,40.0
0.858405351638794,0.01784182430237169,2.1406635520344777,12.0,40.0
0.8668003082275391,0.017838105875533916,2.137924571913342,12.0,40.0
0.8751070499420166,0.017844979025964935,2.1411809632388907,12.0,40.0
0.883458137512207,0.01784195353700757,2.1385416982574865,12.0,40.0
0.8917622566223145,0.017846866437229325,2.1413144409545484,12.0,40.0
0.900120735168457,0.01783989029283184,2.138012363964038,12.0,40.0
0.9084110260009766,0.017850790987224086,2.1416177944665593,12.0,40.0
0.9167721271514893,0.017841693993601915,2.1384344246484615,12.0,40.0
0.9250712394714355,0.017853224401469525,2.142012365325516,12.0,40.0
0.9334621429443359,0.01785021242804774,2.140323143732237,12.0,40.0
0.9417729377746582,0.017850853711889103,2.141825905856302,12.0,40.0
0.9501492977142334,0.01783090393033282,2.1360611824665527,12.0,40.0
0.9584176540374756,0.01785476807239106,2.1423044535474998,12.0,40.0
0.966815710067749,0.017839218336230145,2.1378039864908183,12.0,40.0
0.9752006530761719,0.017858459215366773,2.142535777693449,12.0,40.0
0.9834799766540527,0.017842550722120487,2.1377194822946843,12.0,40.0
0.9917466640472412,0.017858426593541754,2.1424941175036474,12.0,40.0
1.0001065731048584,0.01784626242208409,2.1387311436892604,12.0,40.0
1.0084013938903809,0.017852666707413478,2.142928878841153,12.0,40.0
1.0167601108551025,0.017847768632996308,2.1388413681499534,12.0,40.0
1.0251095294952393,0.017852544704297646,2.1429782579757823,12.0,40.0
1.0334556102752686,0.01785457944380564,2.1404514238921872,12.0,40.0
1.0417847633361816,0.01785429290722229,2.143033887712657,12.0,40.0
1.0501348972320557,0.01782054145109213,2.1406908449663327,12.0,40.0
1.0584444999694824,0.01785785869591039,2.1434913271290967,12.0,40.0
1.0667839050292969,0.017821340793931162,2.1410252185728944,12.0,40.0
1.0750880241394043,0.017849465152568023,2.143297172781167,12.0,40.0
1.0834240913391113,0.017825301759301304,2.141577134363126,12.0,40.0
1.0917479991912842,0.017852984553152984,2.1435946086298734,12.0,40.0
1.100114107131958,0.017830780526703505,2.1414797583029324,12.0,40.0
1.1084365844726562,0.017853583309482834,2.143557438339466,12.0,40.0
1.1168134212493896,0.017835683180784212,2.1419703898629034,12.0,40.0
1.1251039505004883,0.01785317761246774,2.143417750127318,12.0,40.0
1.133439064025879,0.017837416239613324,2.142794861962743,12.0,40.0
1.1417522430419922,0.017857244756684043,2.143787135337961,12.0,40.0
1.150087833404541,0.017837770908684103,2.1426526023785817,12.0,40.0
1.1584374904632568,0.01785667535179991,2.1436012793001455,12.0,40.0
1.166794776916504,0.017847382828640512,2.1427661296252825,12.0,40.0
1.175107717514038,0.017856853555850538,2.143502454084707,12.0,40.0
1.183462142944336,0.01784838890199003,2.143279861912582,12.0,40.0
1.1917908191680908,0.017859505689747923,2.1437661166711317,12.0,40.0
1.2001042366027832,0.017837856012021813,2.1435307535719907,12.0,40.0
1.208458423614502,0.017861975476450187,2.1444332306889327,12.0,40.0
1.2167754173278809,0.017828335155134933,2.1410610890288875,12.0,40.0
1.2251107692718506,0.017864457467481554,2.144704359270576,12.0,40.0
1.2334179878234863,0.017832686714066348,2.141503694010015,12.0,40.0
1.2417843341827393,0.0178628785990278,2.1442117343432003,12.0,40.0
1.2501130104064941,0.017836704310826068,2.1413991875090828,12.0,40.0
1.2584481239318848,0.01786277655059587,2.14436657551708,12.0,40.0
1.2667524814605713,0.01784079726536092,2.1421896098052455,12.0,40.0
1.2751312255859375,0.01786483183167631,2.1444846479756783,12.0,40.0
1.2834501266479492,0.017843992060051495,2.142244274280098,12.0,40.0
1.2918109893798828,0.017832323732114297,2.1368132720036144,12.0,40.0
1.3001017570495605,0.01784053218235382,2.1406673627575867,12.0,40.0
1.3084521293640137,0.017832374495772463,2.136356201191909,12.0,40.0
1.3167457580566406,0.017845184435897554,2.1412683216556276,12.0,40.0
1.3251032829284668,0.01783603220928187,2.1368457943211516,12.0,40.0
1.3334403038024902,0.017844859165958127,2.141252209825389,12.0,40.0
1.341815710067749,0.017844962293730227,2.1388332514941477,12.0,40.0
1.3501222133636475,0.017848585862541455,2.1418018681795483,12.0,40.0
1.3584930896759033,0.017845372840480156,2.138997471194125,12.0,40.0
1.3667728900909424,0.01785309774947308,2.1420835433681185,12.0,40.0
1.3751287460327148,0.017844544566255838,2.1386017116322167,12.0,40.0
1.3834125995635986,0.01785385450191823,2.142074355458902,12.0,40.0
1.3917922973632812,0.017849628516281246,2.139820762122145,12.0,40.0
1.4001004695892334,0.017856756890168857,2.142537127279105,12.0,40.0
1.4084820747375488,0.017833709402470532,2.1364268959188815,12.0,40.0
1.4167726039886475,0.017859139327171203,2.142615941725082,12.0,40.0
1.4251618385314941,0.017842559986857243,2.1375687966965367,12.0,40.0
1.4334361553192139,0.017848781022786753,2.142726539242513,12.0,40.0
1.441800832748413,0.01784374203867367,2.138033756999642,12.0,40.0
1.4500973224639893,0.017851388015427627,2.1430152226897197,12.0,40.0
1.4584524631500244,0.017849736133496386,2.139080453315754,12.0,40.0
1.4667870998382568,0.01785139570018579,2.142827017530276,12.0,40.0
1.4751172065734863,0.017849055212264542,2.1392280614401487,12.0,40.0
1.4834187030792236,0.017855486466408887,2.1432335890058143,12.0,40.0
1.4917795658111572,0.017854708721740664,2.140410272203578,12.0,40.0
1.5000908374786377,0.01785546766218893,2.1430726175737096,12.0,40.0
1.5084872245788574,0.017852542816453987,2.1399319140332596,12.0,40.0
1.5167818069458008,0.017846244822676827,2.1427845029993673,12.0,40.0
1.5251450538635254,0.01782548631041081,2.1411145144527044,12.0,40.0
1.5334372520446777,0.017852724732888348,2.1436413225321274,12.0,40.0
1.541780710220337,0.01782268827641431,2.141263860524016,12.0,40.0
1.550083875656128,0.017853669890932178,2.143698507936174,12.0,40.0
1.558478832244873,0.01782910301859486,2.141813171321948,12.0,40.0
1.5668158531188965,0.01785458912878557,2.1436011822385446,12.0,40.0
1.5751171112060547,0.017839775155069404,2.1417410747231758,12.0,40.0
1.5834453105926514,0.017857205315129576,2.143870422595248,12.0,40.0
1.5917928218841553,0.01783888974151493,2.142142308492043,12.0,40.0
1.6001055240631104,0.01785609981061631,2.1436269582380962,12.0,40.0
1.608431100845337,0.017838814883816667,2.1429010703217903,12.0,40.0
1.6167523860931396,0.01785945824149593,2.143888210799433,12.0,40.0
1.6250786781311035,0.017842661272472693,2.143234800158425,12.0,40.0
1.633441686630249,0.01785959919314628,2.143704699967498,12.0,40.0
1.6417789459228516,0.017830408771035255,2.142910785065629,12.0,40.0
1.6501107215881348,0.017861710266525943,2.1443216677798866,12.0,40.0
1.658430576324463,0.017827943426547144,2.141210971825087,12.0,40.0
1.666743278503418,0.017864928974087757,2.1445910169092817,12.0,40.0
1.6750974655151367,0.017828860623052112,2.141214354679036,12.0,40.0
1.683441162109375,0.017865043892296484,2.144659712676115,12.0,40.0
1.6917786598205566,0.017837850830615398,2.1416683690334373,12.0,40.0
1.7001221179962158,0.01786463381353487,2.1445103815932463,12.0,40.0
1.7084276676177979,0.017838838749906216,2.142172691294858,12.0,40.0
1.7168028354644775,0.017867558378962478,2.1447840746691846,12.0,40.0
1.725081443786621,0.01784150956103181,2.1419896853425775,12.0,40.0
1.733457326889038,0.017863893127596064,2.1444524468399146,12.0,40.0
1.7417702674865723,0.01783612240849841,2.1406811510015307,12.0,40.0
1.750145673751831,0.0178283243811328,2.135679440254537,12.0,40.0
1.758425235748291,0.017841857582236553,2.1410649977675202,12.0,40.0
1.7668037414550781,0.017835017095347183,2.1372856263620457,12.0,40.0
1.7751140594482422,0.017840733364733907,2.141107130758761,12.0,40.0
1.7834882736206055,0.017841053844737775,2.138334162442759,12.0,40.0
1.791783332824707,0.017849207899174324,2.141801705572575,12.0,40.0
1.8001289367675781,0.017839202009629407,2.137517965057077,12.0,40.0
1.8084027767181396,0.017850591386646464,2.141977286501765,12.0,40.0
1.8167846202850342,0.017846286929434463,2.1389528635312893,12.0,40.0
1.8250975608825684,0.017852038167192497,2.142196393943067,12.0,40.0
1.8334896564483643,0.0178425428517639,2.1384910869281195,12.0,40.0
1.8417885303497314,0.017856313154390513,2.1425958854375535,12.0,40.0
1.8501718044281006,0.017851692692656407,2.1405075325346323,12.0,40.0
1.8584527969360352,0.01785390650905505,2.142424832519073,12.0,40.0
1.8668403625488281,0.01783586968321149,2.136538936972965,12.0,40.0
1.8751044273376465,0.017847792866191092,2.142820408658794,12.0,40.0
1.8834905624389648,0.01784288546072421,2.1379910374774154,12.0,40.0
1.891786813735962,0.01784936974820539,2.142937272680169,12.0,40.0
1.900148630142212,0.017842883636205897,2.1375911081083,12.0,40.0
1.9084413051605225,0.017850030777807557,2.1428097196692195,12.0,40.0
1.916804313659668,0.01784810688419025,2.139308402644102,12.0,40.0
1.92512845993042,0.017854959468078135,2.1432473969563746,12.0,40.0
1.9334800243377686,0.0178479835035823,2.1388658900464823,12.0,40.0
1.9417908191680908,0.017855631585622866,2.143317368936541,12.0,40.0
1.950134038925171,0.017853670204109662,2.1402620604447113,12.0,40.0
1.9584457874298096,0.017848155086858775,2.1431578515042773,12.0,40.0
1.9667844772338867,0.017852042965583514,2.140075575328711,12.0,40.0
1.975090742111206,0.017852450405489773,2.143649606878725,12.0,40.0
1.9834270477294922,0.017822080297019927,2.1401951899100506,12.0,40.0
1.9917564392089844,0.017852473134560842,2.1435674408290297,12.0,40.0
2.0001139640808105,0.017824537026208898,2.1415158857206325,12.0,40.0
2.008460760116577,0.017856299371497464,2.143853033723479,12.0,40.0
2.016770601272583,0.017834903191821017,2.141510759321108,12.0,40.0
2.0251331329345703,0.017857288327121967,2.1438640943779927,12.0,40.0
2.0334548950195312,0.01783128486778951,2.1420601682034643,12.0,40.0
2.041766881942749,0.017856650659659135,2.1436634638206815,12.0,40.0
2.050114870071411,0.017840004980762103,2.142384311038872,12.0,40.0
2.05845046043396,0.017860196091126657,2.143952551235489,12.0,40.0
2.066781520843506,0.01784035059553224,2.142416958220501,12.0,40.0
2.0751328468322754,0.017859937519739688,2.143813738471546,12.0,40.0
2.0834615230560303,0.017846156669349078,2.1433304139831977,12.0,40.0
2.091923713684082,0.017863247856022113,2.1443791508659356,12.0,40.0
2.1001439094543457,0.01782832013872948,2.141086401092799,12.0,40.0
2.108449935913086,0.017866948205250033,2.1449401428714,12.0,40.0
2.116755247116089,0.017827513096015046,2.141203899140627,12.0,40.0
2.125117063522339,0.01786405371199251,2.144469679705846,12.0,40.0
2.133424997329712,0.017836085951913994,2.141676956991982,12.0,40.0
2.1417646408081055,0.01786612398449794,2.144648082404563,12.0,40.0
2.1500866413116455,0.01783717547456476,2.1420938199645776,12.0,40.0
2.1584725379943848,0.01786505146323858,2.14435429010013,12.0,40.0
2.1667892932891846,0.017832812305131895,2.1401645900410027,12.0,40.0
2.175123453140259,0.017863729678227358,2.1442815189969426,12.0,40.0
2.183417558670044,0.01783622582201172,2.140800387864077,12.0,40.0
2.191728115081787,0.017866256824093263,2.1445511927999132,12.0,40.0
2.2000691890716553,0.017836392126171496,2.1409100291068817,12.0,40.0
2.208423137664795,0.0178343046812115,2.137063997941101,12.0,40.0
2.216765880584717,0.017843451564663937,2.141527200702436,12.0,40.0
2.2251222133636475,0.017833400069677374,2.1362922007963556,12.0,40.0
2.2334134578704834,0.0178469472282341,2.141818281688018,12.0,40.0
2.2417666912078857,0.017837818707146624,2.136966421905739,12.0,40.0
2.250072479248047,0.01784731992956967,2.1418109378892107,12.0,40.0
2.2584564685821533,0.01784334989569647,2.138615540517521,12.0,40.0
2.2667644023895264,0.01785053054109742,2.1422822828674484,12.0,40.0
2.275117874145508,0.01784642488039445,2.1392128494157,12.0,40.0
2.2834463119506836,0.01785501309505655,2.1425437818484965,12.0,40.0
2.2918038368225098,0.01784371954715791,2.138527488511622,12.0,40.0
2.3000950813293457,0.01785631272425281,2.1425908288667976,12.0,40.0
2.30845308303833,0.01783930145552759,2.137196359407057,12.0,40.0
2.3167738914489746,0.01784860498365859,2.1430297529165014,12.0,40.0
2.3251476287841797,0.017838778211434203,2.1367102988755606,12.0,40.0
2.333446741104126,0.017849743427783338,2.143001256814269,12.0,40.0
2.3418500423431396,0.017845750621911627,2.1382932888801585,12.0,40.0
2.3501293659210205,0.017852347079723607,2.143124938946805,12.0,40.0
2.3584864139556885,0.01784714822857225,2.1388359100305814,12.0,40.0
2.366804599761963,0.017855597424208725,2.143450967015312,12.0,40.0
2.3751473426818848,0.01784746662456005,2.1384821729307086,12.0,40.0
2.383451223373413,0.018149518439489754,2.212304161973334,12.0,40.0
2.3918254375457764,0.018102064806717166,2.136194975055695,12.0,40.0
2.400129556655884,0.017245132753616943,2.0464591369407814,12.0,40.0
2.408461093902588,0.016672998855630006,1.9770296181670093,12.0,40.0
2.416804075241089,0.016059652165463234,1.9166115985198875,12.0,40.0
2.4251251220703125,0.015953285989492194,1.9114131795104188,12.0,40.0
2.4334094524383545,0.01597555462727218,1.9195491417916741,12.0,40.0
2.4417262077331543,0.016003199863339646,1.9195548758277285,12.0,40.0
2.4501264095306396,0.016201722263596174,1.9541010466161328,12.0,40.0
2.4583921432495117,0.016585316049204657,2.0011632053940445,12.0,40.0
2.4667558670043945,0.016843087655943556,2.02921005579304,12.0,40.0
2.475114583969116,0.017151865687522694,2.0616435363496772,12.0,40.0
2.483471632003784,0.01710311372227835,2.047986458265991,12.0,40.0
2.49177622795105,0.01707236955006053,2.0502582074494673,12.0,40.0
2.5001027584075928,0.017058581633808245,2.0445471946095513,12.0,40.0
2.5084612369537354,0.017022170014438842,2.03957422238382,12.0,40.0
2.516772508621216,0.016985388453026218,2.036982344799234,12.0,40.0
2.5251283645629883,0.01691158780746793,2.0264503893382426,12.0,40.0
2.5334203243255615,0.016907874416535407,2.0287715287534462,12.0,40.0
2.5417721271514893,0.01686557698310054,2.022927833294751,12.0,40.0
2.550105571746826,0.016810114521072173,2.0187935252509157,12.0,40.0
2.558408260345459,0.01679967992137943,2.0146989194701947,12.0,40.0
2.5667784214019775,0.01670623887345002,2.0051407299596042,12.0,40.0
2.575101852416992,0.01668347576695428,2.000013272052117,12.0,40.0
2.5834314823150635,0.0166090231385132,1.9884171280073406,12.0,40.0
2.59175968170166,0.01656530781310739,1.986887329602283,12.0,40.0
2.6001017093658447,0.0165087189349169,1.9777692855068703,12.0,40.0
2.6084275245666504,0.016419900312805602,1.970132475058333,12.0,40.0
2.6167588233947754,0.01637699639690826,1.9636171182598297,12.0,40.0
2.6250922679901123,0.01629208146928729,1.9553897964894984,12.0,40.0
2.633419990539551,0.016268723272028218,1.9503751757495706,12.0,40.0
2.6417653560638428,0.01617801966077259,1.9376290219206043,12.0,40.0
2.650094509124756,0.01613794193702134,1.9352171874952082,12.0,40.0
2.6584651470184326,0.01610683343878172,1.9233741035908025,12.0,40.0
2.6667375564575195,0.015585865930455078,1.8575644323538993,12.0,40.0
2.675138235092163,0.014416268032546142,1.7043358740137688,12.0,40.0
2.6834237575531006,0.013614675212727967,1.6235592911229573,12.0,40.0
2.691742181777954,0.013351980327676038,1.596509350074446,12.0,40.0
2.700045347213745,0.013232092473168144,1.5847654632762151,12.0,40.0
2.7083864212036133,0.013144088400371068,1.5727674673567198,12.0,40.0
2.7166965007781982,0.013030178623679056,1.5613561583419227,12.0,40.0
2.725029468536377,0.012961337691966612,1.5512401557410829,12.0,40.0
2.7333624362945557,0.012859377337479216,1.5412286646577698,12.0,40.0
2.7416908740997314,0.01280101091743191,1.5323107713861128,12.0,40.0
2.7500240802764893,0.012706799886100129,1.5230782270623138,12.0,40.0
2.7583580017089844,0.01265177427217079,1.5145238226065847,12.0,40.0
2.7666916847229004,0.012560630514054871,1.5055965710916333,12.0,40.0
2.775023937225342,0.012506453637633363,1.4971028908160733,12.0,40.0
2.7833640575408936,0.012406008001073054,1.4858884288169372,12.0,40.0
2.7916998863220215,0.012343959261774451,1.4777078967112056,12.0,40.0
2.800013780593872,0.012256902044326168,1.469278120548524,12.0,40.0
2.808354377746582,0.012204881852574623,1.460824605839498,12.0,40.0
2.8166892528533936,0.012103846934639506,1.4497243702434621,12.0,40.0
2.825038194656372,0.011983792834636908,1.4331033779905775,12.0,40.0
2.8333475589752197,0.01189073989324907,1.42592819729964,12.0,40.0
2.8416907787323,0.01181880854000461,1.4147990378377895,12.0,40.0
2.850015640258789,0.011739802755705853,1.407780613158848,12.0,40.0
2.858356237411499,0.011667012441134439,1.3963805641075482,12.0,40.0
2.866678237915039,0.011585701964397899,1.3893096135950265,12.0,40.0
2.8750174045562744,0.011459868582636368,1.3715027261329855,12.0,40.0
2.883373498916626,0.011388844336983617,1.3659788496704917,12.0,40.0
2.8916969299316406,0.011310060981094772,1.3571708819472976,12.0,40.0
2.900033950805664,0.01151561696950587,1.384289210442155,12.0,40.0
2.908414125442505,0.011940158939860446,1.4454096990813643,12.0,40.0
2.916700839996338,0.012041441140433484,1.442745445595494,12.0,40.0
2.925048828125,0.012178912869654113,1.4629350438415325,12.0,40.0
2.9333839416503906,0.012150233741977878,1.455210726853418,12.0,40.0
2.9417171478271484,0.012201789681309805,1.4633413819789889,12.0,40.0
2.9500327110290527,0.01216014183251346,1.456842158858592,12.0,40.0
2.958378314971924,0.01219743251509442,1.46198412125268,12.0,40.0
2.9667036533355713,0.012119309956490909,1.44911420939768,12.0,40.0
2.9750611782073975,0.012061165917026884,1.4447715123616343,12.0,40.0
2.983379602432251,0.012004338349409949,1.4367607553076234,12.0,40.0
2.991712808609009,0.011958819912071483,1.4335010050339152,12.0,40.0
3.000051975250244,0.011933133338733803,1.4312660877348062,12.0,40.0
3.0083694458007812,0.011935792668441358,1.43167765019553,12.0,40.0
3.0167107582092285,0.011920645753330739,1.4304075616893626,12.0,40.0
3.0250511169433594,0.011943895753015354,1.4310195539812793,12.0,40.0
3.033384323120117,0.011911267179104179,1.428133092876404,12.0,40.0
3.0417168140411377,0.011906399271525814,1.4267832849078996,12.0,40.0
3.05006742477417,0.01187747349387358,1.4242053051841468,12.0,40.0
3.0583932399749756,0.011891239319083091,1.4251748301103957,12.0,40.0
3.066735029220581,0.011875320937340561,1.4254546518278164,12.0,40.0
3.075049877166748,0.01188625222774764,1.4242060175495603,12.0,40.0
3.083406686782837,0.011888904578792214,1.4295218043847495,12.0,40.0
3.0918209552764893,0.011926935067474886,1.42968727382379,12.0,40.0
3.100062847137451,0.011857261070278291,1.4232560390032263,12.0,40.0
3.1083598136901855,0.011844243802367593,1.4199547019338963,12.0,40.0
3.116717576980591,0.011794528074832833,1.4152243062759597,12.0,40.0
3.1250298023223877,0.011759927678601123,1.409739779093904,12.0,40.0
3.133387565612793,0.011721142728643663,1.4077435312418167,12.0,40.0
3.1416921615600586,0.01173136272726083,1.4064081998716216,12.0,40.0
3.150078058242798,0.011702193035794117,1.4081869319342422,12.0,40.0
3.158358335494995,0.011718605862766296,1.4052123088000092,12.0,40.0
3.1667168140411377,0.01170009855101739,1.4076993240040605,12.0,40.0
3.175025224685669,0.011706687702334406,1.4035286332388872,12.0,40.0
3.183384895324707,0.011689011190948229,1.4067061624663875,12.0,40.0
3.1917178630828857,0.011686431368850059,1.4001827084184388,12.0,40.0
3.2000582218170166,0.011631618651508191,1.3976982435644558,12.0,40.0
3.2083616256713867,0.011615936216938572,1.3929618112717332,12.0,40.0
3.216719627380371,0.011534779834219577,1.3850265988439432,12.0,40.0
3.2250475883483887,0.01149779860179212,1.3792366648401841,12.0,40.0
3.233383893966675,0.011490998189237267,1.379575979718404,12.0,40.0
3.241694211959839,0.011472499042194606,1.3761994165273814,12.0,40.0
3.2500505447387695,0.011489145767360043,1.382049678803725,12.0,40.0
3.2583847045898438,0.01148484736959432,1.3776688926868543,12.0,40.0
3.2667369842529297,0.011485372203241972,1.379767749398717,12.0,40.0
3.275053024291992,0.01146085276495068,1.3751220706382545,12.0,40.0
3.283383369445801,0.011461139789531671,1.3774849315122608,12.0,40.0
3.291719913482666,0.011443646072629932,1.3729903105747772,12.0,40.0
3.3000731468200684,0.011449693949220574,1.3754210251309809,12.0,40.0
3.3083837032318115,0.011405770952237937,1.3660311586256701,12.0,40.0
3.3167154788970947,0.011389519717861951,1.366928996946389,12.0,40.0
3.325035572052002,0.01135960801662872,1.3611278896608383,12.0,40.0
3.333376884460449,0.011360258948942104,1.3634632263514728,12.0,40.0
3.34169864654541,0.011325841981534523,1.3569892868173377,12.0,40.0
3.3500454425811768,0.011399948935765458,1.3691207677094523,12.0,40.0
3.3583900928497314,0.011352665779981841,1.359461958416472,12.0,40.0
3.3667173385620117,0.011384871954092546,1.3655513376967887,12.0,40.0
3.375032901763916,0.011344964518460898,1.3590705921920752,12.0,40.0
3.3833796977996826,0.011371829734434513,1.3640363248461405,12.0,40.0
3.39170241355896,0.01132651032296117,1.3568237743724212,12.0,40.0
3.400043249130249,0.011350569854678305,1.3614227692470564,12.0,40.0
3.40838360786438,0.011282801627253924,1.3509243177449386,12.0,40.0
3.416715621948242,0.011284140259427033,1.3528133445849915,12.0,40.0
3.4250328540802,0.011237241198831072,1.34607561759685,12.0,40.0
3.433375358581543,0.011246984707003804,1.3480297311461653,12.0,40.0
3.4417049884796143,0.011169287891616975,1.3351335822980384,12.0,40.0
3.450045108795166,0.011111939212502975,1.3318470573203813,12.0,40.0
3.4583780765533447,0.011098063570359251,1.3322658245149375,12.0,40.0
3.4666993618011475,0.011079430965188486,1.327892040998254,12.0,40.0
3.4750444889068604,0.011056286830531725,1.3265184466961613,12.0,40.0
3.483358860015869,0.011096781008902212,1.3313083404335824,12.0,40.0
3.4917187690734863,0.011090533096807853,1.3315035413094203,12.0,40.0
3.5000336170196533,0.011109834414676278,1.3317799232512681,12.0,40.0
3.50838041305542,0.011090797031811483,1.3305834304600788,12.0,40.0
3.5167250633239746,0.011102798149790871,1.3296038367763625,12.0,40.0
3.525045156478882,0.011068434249874137,1.327625068409143,12.0,40.0
3.5333609580993652,0.011060446453278416,1.3259258018723812,12.0,40.0
3.541741132736206,0.011063144599608776,1.3296238656154704,12.0,40.0
3.550048828125,0.011091294330725532,1.329342250472361,12.0,40.0
3.558407783508301,0.011017221379678865,1.3216182627204103,12.0,40.0
3.566711664199829,0.010999450087765261,1.3184662239508698,12.0,40.0
3.5750598907470703,0.010954598458684295,1.3150100368482718,12.0,40.0
3.583359718322754,0.010934163701029398,1.3107161357716794,12.0,40.0
3.591735601425171,0.010917712352715547,1.3139903894200367,12.0,40.0
3.6000490188598633,0.010941217190769237,1.3108744882779624,12.0,40.0
3.6083874702453613,0.010898994527137162,1.310537160340341,12.0,40.0
3.616691827774048,0.010910018709482827,1.3082268667244827,12.0,40.0
3.6250452995300293,0.010898181382566818,1.3119067954098504,12.0,40.0
3.633364200592041,0.01091076096762933,1.3081023485517844,12.0,40.0
3.6417176723480225,0.010883593137248404,1.3093045179708216,12.0,40.0
3.6500279903411865,0.010883355569347941,1.3048983836130779,12.0,40.0
3.658388614654541,0.010786071017000687,1.2936645699156326,12.0,40.0
3.6666946411132812,0.0107588984946414,1.2907202902035697,12.0,40.0
3.6750330924987793,0.010742781984768968,1.2900884050057058,12.0,40.0
3.6833598613739014,0.010732178764071953,1.287400976821954,12.0,40.0
3.6917028427124023,0.01073875308388228,1.2922981167166052,12.0,40.0
3.7000279426574707,0.01074363285500013,1.2889137668295474,12.0,40.0
3.7083911895751953,0.01075136343845351,1.292125630994162,12.0,40.0
3.7166953086853027,0.010744228825505076,1.2891344211186173,12.0,40.0
3.7250568866729736,0.010741058585256091,1.2901149994575407,12.0,40.0
3.7333593368530273,0.010717128829561773,1.2859055616243211,12.0,40.0
3.7417004108428955,0.010717501892166581,1.288009226429661,12.0,40.0
3.7500293254852295,0.010718364954017012,1.28584358473972,12.0,40.0
3.758389472961426,0.010789643852932684,1.295708835940758,12.0,40.0
3.7667174339294434,0.01077203168378027,1.292409437319122,12.0,40.0
3.7750306129455566,0.010779295955778423,1.2937860886259391,12.0,40.0
3.78336501121521,0.010723885830070223,1.28335058911371,12.0,40.0
3.791698694229126,0.010669551761196772,1.2803030621624987,12.0,40.0
3.800036907196045,0.010625160092017971,1.272788670500602,12.0,40.0
3.808368444442749,0.010602688444040886,1.2714145962330738,12.0,40.0
3.816699743270874,0.010553335388538088,1.264188417666715,12.0,40.0
3.8250303268432617,0.010602099216270311,1.2727813686879885,12.0,40.0
3.833369493484497,0.010548964778861247,1.2631132328285342,12.0,40.0
3.8416924476623535,0.01057632088196403,1.2688639747092911,12.0,40.0
3.8500349521636963,0.010538976877429995,1.2624168710186296,12.0,40.0
3.8583617210388184,0.01058394536560403,1.2692011418054876,12.0,40.0
3.866719961166382,0.010535675306887704,1.2616681753484322,12.0,40.0
3.8750298023223877,0.010555846261703472,1.2656151166139782,12.0,40.0
3.8833718299865723,0.010488220425073358,1.2537000747763654,12.0,40.0
3.891695261001587,0.010433334670612027,1.2510006604043693,12.0,40.0
3.900052547454834,0.010408886597711664,1.2477707452666593,12.0,40.0
3.9083640575408936,0.010404416867347166,1.2475789393092591,12.0,40.0
3.916712760925293,0.010380051717164385,1.2445048628094812,12.0,40.0
3.9250311851501465,0.010404693353696537,1.2475825781200456,12.0,40.0
3.9333789348602295,0.010390004452075274,1.2464566763027445,12.0,40.0
3.941718578338623,0.01042728944191662,1.2494243514368595,12.0,40.0
3.9500503540039062,0.010405257319669126,1.2482955078076376,12.0,40.0
3.9583640098571777,0.010417053769141482,1.2487838653819845,12.0,40.0
3.966712236404419,0.010403919579931475,1.248497080644741,12.0,40.0
3.9750282764434814,0.010407928750266748,1.2477226292829744,12.0,40.0
3.9833829402923584,0.010413433531307525,1.2517999828506272,12.0,40.0
3.991694688796997,0.010445252718841225,1.2518788115802018,12.0,40.0
4.000048637390137,0.010441879455628467,1.255458935955573,12.0,40.0
4.00836181640625,0.010439563548288788,1.2512778480827804,12.0,40.0
4.016716957092285,0.010350496672960396,1.2386233971478935,12.0,40.0
4.025024652481079,0.01030652202918958,1.2356024727611425,12.0,40.0
4.033376693725586,0.010254266139515522,1.2296314423979977,12.0,40.0
4.04169225692749,0.01023278848604292,1.2267291638458895,12.0,40.0
4.050042152404785,0.01023521651197079,1.2340578943020721,12.0,40.0
4.058384895324707,0.010280041554628028,1.2316321047152525,12.0,40.0
4.066716432571411,0.01025584543537228,1.2350587616545075,12.0,40.0
4.075027227401733,0.010277828737122796,1.232394680005807,12.0,40.0
4.0833823680877686,0.010259342901494328,1.234738625843796,12.0,40.0
4.091696739196777,0.01026498062197323,1.2308149928528778,12.0,40.0
4.100047588348389,0.010248156635393357,1.2330426306582871,12.0,40.0
4.108360052108765,0.010242029303060285,1.2278148446570676,12.0,40.0
4.116717100143433,0.010147627977931784,1.2176435721825314,12.0,40.0
4.125028610229492,0.010126612616286224,1.214812328947482,12.0,40.0
4.133372068405151,0.010114974709976465,1.2138623904149226,12.0,40.0
4.141708612442017,0.010086605077487043,1.209929628572329,12.0,40.0
4.150034189224243,0.01009952312873974,1.2153316145470574,12.0,40.0
4.1583592891693115,0.010097650122024682,1.2114051578651606,12.0,40.0
4.166718006134033,0.010101480150979114,1.2138070959264498,12.0,40.0
4.175027370452881,0.010092648436738294,1.2109785792342114,12.0,40.0
4.183387279510498,0.010087372995033483,1.211596301726911,12.0,40.0
4.191723823547363,0.01007614301914117,1.2090121055001235,12.0,40.0
4.200026988983154,0.010114816722222919,1.215713546862089,12.0,40.0
4.2083821296691895,0.010106503164819536,1.2122172769312598,12.0,40.0
4.216717720031738,0.010147751976123942,1.2179619772421115,12.0,40.0
4.225051641464233,0.01010328384184156,1.209626706660894,12.0,40.0
4.233362436294556,0.010025671255721846,1.2029743097199266,12.0,40.0
4.24587869644165,0.014966943888049755,1.1947906661374417,12.0,40.0
4.258368015289307,0.014898276386112741,1.188229220690663,12.0,40.0
4.266691446304321,0.010003271791568125,1.2014434710535264,12.0,40.0
4.279216766357422,0.014957276527332475,1.1998582793428847,12.0,40.0
4.2875285148620605,0.010009571123005934,1.2001820087070505,12.0,40.0
4.295897722244263,0.010000028401359273,1.2041711739758618,12.0,40.0
4.304194927215576,0.010004817250464093,1.199396415776932,12.0,40.0
4.31670069694519,0.014948210094628323,1.1956093611004928,12.0,40.0
4.329239130020142,0.014908226098215849,1.1956493545822224,12.0,40.0
4.3417370319366455,0.014869996410676656,1.1856115014594724,12.0,40.0
4.3542160987854,0.014883288433946262,1.1866798848759275,12.0,40.0
4.366701602935791,0.014830334567159653,1.1851986829944436,12.0,40.0
4.379228115081787,0.01471586251706114,1.171532006139862,12.0,40.0
4.391742467880249,0.014592197599410994,1.1642937448948343,12.0,40.0
4.404197931289673,0.014570028807243673,1.1647353446426103,12.0,40.0
4.416707992553711,0.014603324382153282,1.168381283055974,12.0,40.0
4.42925238609314,0.014693166759404797,1.1797819849013897,12.0,40.0
4.44171929359436,0.01469221218430583,1.174198361287873,12.0,40.0
4.454193115234375,0.014652434842081341,1.1708770446804713,12.0,40.0
4.466722726821899,0.014706077593821476,1.1737514366036046,12.0,40.0
4.479198694229126,0.01457203383302108,1.1640844024834875,12.0,40.0
4.4917192459106445,0.01450304201232644,1.1604711906352096,12.0,40.0
4.504225969314575,0.014474786642588278,1.1541955989802777,12.0,40.0
4.51671576499939,0.014547125065993427,1.1625332917470366,12.0,40.0
4.529200553894043,0.014558386725953554,1.1670356082149875,12.0,40.0
4.541724681854248,0.01454314387918032,1.1660695962299696,12.0,40.0
4.554207801818848,0.014510530037393998,1.157121368064833,12.0,40.0
4.56671929359436,0.0145278335404333,1.159385211741317,12.0,40.0
4.579220533370972,0.014455301359352468,1.1563404356538938,12.0,40.0
4.591748952865601,0.014297366223793517,1.1328269455083697,12.0,40.0
4.604211330413818,0.014088623040173331,1.1218358189731505,12.0,40.0
4.616703033447266,0.01392457802856395,1.1125244515338466,12.0,40.0
4.629185676574707,0.01374581628442062,1.0956184133324638,12.0,40.0
4.641686677932739,0.013592307886195698,1.0806178470030776,12.0,40.0
4.654192209243774,0.013365360045384023,1.0595071066783188,12.0,40.0
4.666685581207275,0.013143628500100313,1.047715397464967,12.0,40.0
4.679178476333618,0.012945450401309344,1.0325563462120044,12.0,40.0
4.691685676574707,0.012688203863879366,1.0096604783324468,12.0,40.0
4.704183340072632,0.012503065455518048,0.9926665286847359,12.0,40.0
4.716687917709351,0.012267051049982491,0.9726565773352152,12.0,40.0
4.7291905879974365,0.012003183762975489,0.95619347464611,12.0,40.0
4.741680383682251,0.011802106082533292,0.9416498320543979,12.0,40.0
4.754187107086182,0.011531552482839658,0.9156448961238155,12.0,40.0
4.766687393188477,0.011242225744318546,0.889686350727234,12.0,40.0
4.779183864593506,0.010961169362387224,0.8658850236490526,12.0,40.0
4.791683673858643,0.010685490044399337,0.8460046849240388,12.0,40.0
4.804178714752197,0.010437380107862104,0.826208458271052,12.0,40.0
4.816677808761597,0.01016005944563858,0.8065944794597268,12.0,40.0
4.833348274230957,0.013100678519480269,0.7729575686436221,12.0,40.0
4.850017786026001,0.012555323309577204,0.7391356344395754,12.0,40.0
4.866678953170776,0.012005577603435569,0.7046906922630425,12.0,40.0
4.8833582401275635,0.011824728771392401,0.767985436151657,12.0,40.0
4.8958752155303955,0.011146467035928254,0.9302450933494492,12.0,40.0
4.908371448516846,0.012505531293315997,0.9998373480975514,12.0,40.0
4.9208807945251465,0.013134802511496346,1.0433788539849511,12.0,40.0
4.933375835418701,0.013250046244165148,1.059853324018612,12.0,40.0
4.9458701610565186,0.013132853812285461,1.0553743646119014,12.0,40.0
4.958376884460449,0.01283472819339515,1.023714448834255,12.0,40.0
4.9708757400512695,0.012662072054061113,1.0063237492144275,12.0,40.0
4.983405828475952,0.012530569595226027,0.9904632065620901,12.0,40.0
4.995919942855835,0.0126189918840236,0.9993051841084066,12.0,40.0
5.008395671844482,0.012863460278444094,1.0363896271307258,12.0,40.0
5.020911931991577,0.013283273460578116,1.0913828969526986,12.0,40.0
5.033404588699341,0.013827103303773569,1.1372723280986636,12.0,40.0
5.0458900928497314,0.014564799496156411,1.18624203444077,12.0,40.0
5.0542097091674805,0.010353424174857295,1.2551594400084203,12.0,40.0
5.062534809112549,0.010727152491918801,1.319504610283893,12.0,40.0
5.070885181427002,0.011315411461140457,1.3644894412189161,12.0,40.0
5.0792076587677,0.011626806730392403,1.4262116150259272,12.0,40.0
5.087525844573975,0.012176325740426819,1.465172846351269,12.0,40.0
5.095869064331055,0.012466979361434483,1.5272127997172171,12.0,40.0
5.104202032089233,0.01303579552078915,1.5692348493493107,12.0,40.0
5.11255407333374,0.013338478821014021,1.6323983327315539,12.0,40.0
5.12086296081543,0.013965781929131893,1.684225198094087,12.0,40.0
5.129228591918945,0.014348879427569017,1.7512436668439966,12.0,40.0
5.13757586479187,0.014910353095825002,1.796102492958785,12.0,40.0
5.145898818969727,0.015236622583291393,1.8416022944809445,12.0,40.0
5.154221296310425,0.015463530912501966,1.8584272573690765,12.0,40.0
5.162582874298096,0.015605728459805235,1.8824474295424467,12.0,40.0
5.170882940292358,0.015833350444239613,1.9037848651081384,12.0,40.0
5.179233551025391,0.01596878717529826,1.9258314765572127,12.0,40.0
5.187540292739868,0.016195316313037722,1.9471437899004171,12.0,40.0
5.195897102355957,0.0163262209385433,1.9686995340679632,12.0,40.0
5.204204320907593,0.01654963331295889,1.9894402216123672,12.0,40.0
5.212562084197998,0.016658582584062387,2.007171048383125,12.0,40.0
5.220872163772583,0.016831480347317296,2.0215138096071494,12.0,40.0
5.229235410690308,0.016947587985047363,2.0437779492782164,12.0,40.0
5.23755145072937,0.01712523823621126,2.05618602066289,12.0,40.0
5.2459495067596436,0.017456520627142424,2.124081813124847,12.0,40.0
5.254229784011841,0.017858743717225067,2.1420137506982724,12.0,40.0
5.262596130371094,0.017843664156524497,2.141530499110598,12.0,40.0
5.270886659622192,0.017859274284182547,2.141937874212442,12.0,40.0
5.279306411743164,0.017869237046253872,2.1428125835266556,12.0,40.0
5.287575960159302,0.017859282739758342,2.141801074750623,12.0,40.0
5.295970678329468,0.017845700436645018,2.142825627597839,12.0,40.0
5.304241418838501,0.017857816019134276,2.141494855033891,12.0,40.0
5.312600135803223,0.017846240751067555,2.1427658920361443,12.0,40.0
5.3209311962127686,0.01784931999380923,2.139875843641995,12.0,40.0
5.329326391220093,0.017860710090516818,2.1435281431729156,12.0,40.0
5.337594747543335,0.017853527233715027,2.140699468451519,12.0,40.0
5.345954179763794,0.01784224081369601,2.143374340528567,12.0,40.0
5.3542656898498535,0.01784915352619798,2.140541268297159,12.0,40.0
5.362642526626587,0.017843081316286202,2.1434835000698493,12.0,40.0
5.370923042297363,0.017802837522692627,2.1300691881197,12.0,40.0
5.379261493682861,0.017843174474799994,2.143591146991534,12.0,40.0
5.387562990188599,0.01781184361425403,2.1317917716765353,12.0,40.0
5.395923614501953,0.01784470026360907,2.143521433044199,12.0,40.0
5.4043028354644775,0.017812538492455232,2.13565214405052,12.0,40.0
5.412629127502441,0.01785225206057106,2.1442175939959274,12.0,40.0
5.420926094055176,0.017808162072855183,2.1313734557180726,12.0,40.0
5.429274082183838,0.01785325334780552,2.1443072342383775,12.0,40.0
5.437574863433838,0.017872941348029414,2.146216002465455,12.0,40.0
5.4459497928619385,0.017856026837574035,2.1440458560925677,12.0,40.0
5.454298734664917,0.017830895907414046,2.1381548896587605,12.0,40.0
5.462618112564087,0.017858077925982485,2.144341490055631,12.0,40.0
5.470950365066528,0.017830685377271394,2.1384102012221904,12.0,40.0
5.479257583618164,0.017858243478926283,2.1442645455497846,12.0,40.0
5.487604141235352,0.01783373359001672,2.1393001916137115,12.0,40.0
5.495960712432861,0.01786016845806948,2.1442754102789596,12.0,40.0
5.504248142242432,0.017847906495303434,2.142516267664365,12.0,40.0
5.512629985809326,0.017862437913674256,2.1443203682369627,12.0,40.0
5.520909786224365,0.01784792307881844,2.141888889945724,12.0,40.0
5.529279470443726,0.017859461639057272,2.143851026558116,12.0,40.0
5.537626266479492,0.01782610896723824,2.13866046510507,12.0,40.0
5.545950651168823,0.01786260666768058,2.1442480880418167,12.0,40.0
5.554288387298584,0.017830586103579904,2.138943487608496,12.0,40.0
5.562593698501587,0.0178640504054286,2.1441177803314,12.0,40.0
5.570949077606201,0.017829916563275816,2.138886759762363,12.0,40.0
5.579292297363281,0.01785877019925053,2.142997320881833,12.0,40.0
5.587643146514893,0.017831512333268407,2.138603419896893,12.0,40.0
5.595963954925537,0.01786089811641567,2.1430076235047175,12.0,40.0
5.6042890548706055,0.017834185871794972,2.138960364993154,12.0,40.0
5.612595558166504,0.017857614182096526,2.142293929543538,12.0,40.0
5.620954513549805,0.01778892991094594,2.1392651150982767,12.0,40.0
5.629262447357178,0.017860096324765706,2.1426632531837795,12.0,40.0
5.6376097202301025,0.017798407109918202,2.1400423521563274,12.0,40.0
5.645890235900879,0.017858765694452217,2.141953658001801,12.0,40.0
5.654270648956299,0.017823939362397567,2.140407629000609,12.0,40.0
5.662640810012817,0.0178629947916793,2.1429665020407804,12.0,40.0
5.670983552932739,0.01787042887448287,2.1419132210985956,12.0,40.0
5.679250240325928,0.017859244760030535,2.1418173134643745,12.0,40.0
5.68763542175293,0.017838118346279686,2.141748131348686,12.0,40.0
5.695904016494751,0.017857602424156127,2.141416148117087,12.0,40.0
5.704270362854004,0.017837908115518886,2.141883634751089,12.0,40.0
5.712563514709473,0.017854435794641077,2.1409062489144346,12.0,40.0
5.720973014831543,0.017854139453541862,2.1425321385192087,12.0,40.0
5.729248285293579,0.01785434756696347,2.140642057000318,12.0,40.0
5.737636089324951,0.01783472092016858,2.1422557354041034,12.0,40.0
5.745909214019775,0.017852879148401612,2.1404803616863832,12.0,40.0
5.754265069961548,0.017838910645094685,2.1427991699459494,12.0,40.0
5.762570381164551,0.01785246401635554,2.1403851059106507,12.0,40.0
5.770976305007935,0.017851259182426915,2.1431495300412235,12.0,40.0
5.7792487144470215,0.017852020482772346,2.140286282607999,12.0,40.0
5.787633180618286,0.01784190647072137,2.1431063789783042,12.0,40.0
5.795905113220215,0.017850595853341034,2.14023176820797,12.0,40.0
5.80429482460022,0.017839118388456754,2.1434677238134614,12.0,40.0
5.812582492828369,0.017858132544059657,2.142560201878906,12.0,40.0
5.820967674255371,0.017845535327428053,2.143719801532921,12.0,40.0
5.829249858856201,0.0178087501973323,2.131108389031772,12.0,40.0
5.83759331703186,0.017838595377890343,2.143322090712955,12.0,40.0
5.845893383026123,0.01780851319609944,2.131636247364059,12.0,40.0
5.854255199432373,0.017850003350394772,2.1442884510864153,12.0,40.0
5.8625569343566895,0.017816639673258194,2.132780717183677,12.0,40.0
5.870939254760742,0.017852395079817285,2.144261716360775,12.0,40.0
5.879279851913452,0.017837450013841405,2.1382082793719,12.0,40.0
5.887613296508789,0.01785538869369141,2.1443598435139424,12.0,40.0
5.895935535430908,0.01787759411551626,2.1472747396392458,12.0,40.0
5.904306650161743,0.017861200014559486,2.1445045180464923,12.0,40.0
5.912654399871826,0.017836166608867998,2.138864654049784,12.0,40.0
5.920947074890137,0.01785704292008461,2.144078255424961,12.0,40.0
5.929283857345581,0.017830994727358274,2.1386118636351954,12.0,40.0
5.937589883804321,0.017860773188091983,2.1443939453615783,12.0,40.0
5.94590425491333,0.017844509257649577,2.141766528217759,12.0,40.0
5.95429539680481,0.01786141055988466,2.1442744554997595,12.0,40.0
5.9626452922821045,0.01782644731719607,2.1379115463793568,12.0,40.0
5.970946788787842,0.017859398727750886,2.1440700777124415,12.0,40.0
5.979278802871704,0.017828484141180212,2.1385759870548138,12.0,40.0
5.987588167190552,0.017864168494140742,2.1443739114746627,12.0,40.0
5.995906114578247,0.01784035961743413,2.141161469693383,12.0,40.0
6.004298448562622,0.017862922710859763,2.1440436090377952,12.0,40.0
6.012660026550293,0.017826576950163542,2.138209381213432,12.0,40.0
6.020981311798096,0.01786376151871316,2.143901149430245,12.0,40.0
6.029324054718018,0.017838054954211202,2.139022620669179,12.0,40.0
6.037627935409546,0.017861218971059856,2.1429517099865287,12.0,40.0
6.0459558963775635,0.017835321629513956,2.1389734250210752,12.0,40.0
6.05426287651062,0.01785765747327872,2.1422355269900217,12.0,40.0
6.062611818313599,0.017789106384803688,2.1391525683369603,12.0,40.0
6.070915937423706,0.017862735247316408,2.1429865088192455,12.0,40.0
6.079262971878052,0.017799583739524394,2.1399235126174014,12.0,40.0
6.087586164474487,0.01785344510217257,2.140592818508988,12.0,40.0
6.095980882644653,0.01782048713134543,2.1403626540279483,12.0,40.0
6.104355573654175,0.017861686338388694,2.1426655582080834,12.0,40.0
6.112634897232056,0.017866971790516217,2.1417537410790484,12.0,40.0
6.120983600616455,0.017856320104959522,2.141018573991557,12.0,40.0
6.129325866699219,0.0178553181423613,2.1418454971976906,12.0,40.0
6.137595891952515,0.017854641803921822,2.1409879926730033,12.0,40.0
6.145965814590454,0.017834595110320706,2.141750818355799,12.0,40.0
6.154236316680908,0.01785509364997573,2.14096382984722,12.0,40.0
6.1626012325286865,0.0178374042818934,2.142336958330806,12.0,40.0
6.170902252197266,0.01785612461737429,2.1409584417015948,12.0,40.0
6.179264068603516,0.017841951674331114,2.142224402069365,12.0,40.0
6.187638521194458,0.017851460151877774,2.1402034571763084,12.0,40.0
6.195982217788696,0.01785184056235778,2.142631564191421,12.0,40.0
6.204281330108643,0.01785005604586587,2.1396954707890177,12.0,40.0
6.212649822235107,0.017850024249488783,2.143001139857806,12.0,40.0
6.220913410186768,0.017853497081837588,2.140636504154709,12.0,40.0
6.229290723800659,0.017841116433327642,2.143082788340083,12.0,40.0
6.237563610076904,0.01785203925928336,2.140505953958803,12.0,40.0
6.245935678482056,0.017839790609681216,2.1436688059226894,12.0,40.0
6.254300832748413,0.017856790786048293,2.1419890811562334,12.0,40.0
6.262631416320801,0.017843834791234414,2.1435916336657366,12.0,40.0
6.270919322967529,0.017805325280747297,2.1304238461149994,12.0,40.0
6.279256105422974,0.017843106068342607,2.1436876605962554,12.0,40.0
6.287558317184448,0.017814841038807927,2.1322244521097,12.0,40.0
6.29591965675354,0.01784956167799656,2.144195916117441,12.0,40.0
6.304303169250488,0.017833552053744484,2.136973813499278,12.0,40.0
6.312620639801025,0.017850239651329147,2.1440773794475305,12.0,40.0
6.320970058441162,0.017828931198618392,2.1372087885693976,12.0,40.0
6.329286575317383,0.017854926859135034,2.14437886517842,12.0,40.0
6.337590932846069,0.017869785779852876,2.1461606591222924,12.0,40.0
6.345961093902588,0.017859039392963183,2.1443857211868584,12.0,40.0
6.35424017906189,0.01786394220115639,2.1445867000100525,12.0,40.0
6.362625360488892,0.01785538116401142,2.1439290901517194,12.0,40.0
6.370962142944336,0.01782689438179652,2.137764009446128,12.0,40.0
6.379283666610718,0.017859378598632958,2.1444064747838416,12.0,40.0
6.387621641159058,0.017828867626750622,2.13815090959783,12.0,40.0
6.395923376083374,0.017860722994454292,2.1443417682341486,12.0,40.0
6.404271841049194,0.017835042881943153,2.139711192516874,12.0,40.0
6.412592887878418,0.017861670458975354,2.1443294842069114,12.0,40.0
6.420899868011475,0.01784072661925329,2.141280018454724,12.0,40.0
6.429299831390381,0.017863587143947868,2.1443313958162014,12.0,40.0
6.437648773193359,0.017829050546279035,2.1384909835709016,12.0,40.0
6.44594669342041,0.01786210053580284,2.1440363747978743,12.0,40.0
6.454286098480225,0.0178264194658162,2.138061462786447,12.0,40.0
6.462635040283203,0.01786204634611721,2.1435673900149252,12.0,40.0
6.470992565155029,0.017829179182477617,2.1383024654429614,12.0,40.0
6.479302406311035,0.017862241036251447,2.143492831788064,12.0,40.0
6.487633228302002,0.01783436164685348,2.1385166966978426,12.0,40.0
6.495929956436157,0.0178586914126182,2.1426275191756123,12.0,40.0
6.504279136657715,0.01783577633024791,2.139466014825378,12.0,40.0
6.512592792510986,0.01786176376361226,2.142794763763775,12.0,40.0
6.520946025848389,0.017790910977813823,2.139244513014002,12.0,40.0
6.529252529144287,0.017862477243447472,2.1429251878728164,12.0,40.0
6.537606239318848,0.017800054534557574,2.140144620436028,12.0,40.0
6.545893430709839,0.01786132548745023,2.1424374222415854,12.0,40.0
6.554276943206787,0.01782722600978026,2.1409899547256126,12.0,40.0
6.5625622272491455,0.017866221055122367,2.1433165135446792,12.0,40.0
6.570975303649902,0.01786979972245284,2.1417245790565804,12.0,40.0
6.579246520996094,0.017858123041076368,2.1417137956790877,12.0,40.0
6.587634086608887,0.017836875901227955,2.1419061465344016,12.0,40.0
6.595904350280762,0.017857039224580262,2.141280676148069,12.0,40.0
6.604265451431274,0.017838106359187478,2.1421428737072,12.0,40.0
6.612566232681274,0.017856628125805685,2.141126940765727,12.0,40.0
6.620930433273315,0.017841240331812003,2.1421431016747574,12.0,40.0
6.629308223724365,0.017852984586845366,2.1405249974083334,12.0,40.0
6.637665271759033,0.01785466735259611,2.1428614675520268,12.0,40.0
6.64592432975769,0.017855257352856313,2.140811466194175,12.0,40.0
6.654296398162842,0.017838935677232826,2.1429042406596723,12.0,40.0
6.662567853927612,0.017853451328083025,2.140593527455785,12.0,40.0
6.67093825340271,0.017841415138613925,2.143139505266691,12.0,40.0
6.679261922836304,0.01785220461252557,2.1403585963545533,12.0,40.0
6.687604188919067,0.017836144167564072,2.143477579093833,12.0,40.0
6.695935010910034,0.017856822818425044,2.1418050051264452,12.0,40.0
6.704304456710815,0.017837517210915976,2.1433079117741043,12.0,40.0
6.712636709213257,0.0180852553193791,2.1629621303433666,12.0,40.0
6.720971345901489,0.017830059936740028,2.141129876149512,12.0,40.0
6.729278087615967,0.017843977823867263,2.1405186465498347,12.0,40.0
6.737636566162109,0.01783084974329263,2.1424149852937417,12.0,40.0
6.745895862579346,0.017842435335452933,2.1402945936824387,12.0,40.0
6.754225254058838,0.017834182240044072,2.1428914288978897,12.0,40.0
6.762539386749268,0.01784510869487299,2.1403797476939777,12.0,40.0
6.770889043807983,0.017846648867029913,2.1442991982522637,12.0,40.0
6.779210567474365,0.017811327735051563,2.131164290101272,12.0,40.0
6.787564277648926,0.017821373655795725,2.142098702758336,12.0,40.0
6.795903921127319,0.017832925451870096,2.137536365572106,12.0,40.0
6.804229497909546,0.017854683583838238,2.1434124634227585,12.0,40.0
6.812568664550781,0.017811037982363942,2.1355052097979725,12.0,40.0
6.8208863735198975,0.0178633145843623,2.143965963622228,12.0,40.0
6.829219818115234,0.017806980457924837,2.133706521551305,12.0,40.0
6.837547779083252,0.017843894495571888,2.141393910867836,12.0,40.0
6.845924615859985,0.017799739651332303,2.1354228741548913,12.0,40.0
6.8542327880859375,0.017822940281231325,2.1377549592838165,12.0,40.0
6.86259388923645,0.017707458816541788,2.126419792777052,12.0,40.0
6.870876789093018,0.01774091003005651,2.1270539693410004,12.0,40.0
6.879237651824951,0.01765217101313965,2.1207301672058714,12.0,40.0
6.887575387954712,0.01764289569547728,2.1146875773761473,12.0,40.0
6.895906448364258,0.017623092859720302,2.1142049749952396,12.0,40.0
6.904217720031738,0.01756401849636724,2.1055963247670544,12.0,40.0
6.912558078765869,0.017565068945089024,2.1059131230217543,12.0,40.0
6.920907258987427,0.017464115775579714,2.095685571383539,12.0,40.0
6.92921257019043,0.01734081472423732,2.0649463845218916,12.0,40.0
6.937574625015259,0.016835436003113102,2.010581891262687,12.0,40.0
6.945907354354858,0.0166214073605353,1.9900987506793562,12.0,40.0
6.954233407974243,0.016570567910518363,1.9879408217553358,12.0,40.0
6.962538480758667,0.01655380081221125,1.985977247075108,12.0,40.0
6.970845460891724,0.016538629324490017,1.984203927565247,12.0,40.0
6.979166507720947,0.01652501278727314,1.9826159808131483,12.0,40.0
6.987497091293335,0.016512910460354746,1.981208516382683,12.0,40.0
6.995831251144409,0.016502281575411004,1.9799766419900953,12.0,40.0
7.004162311553955,0.016493085385645756,1.9789154693867,12.0,40.0
7.012500762939453,0.016485281212753833,1.978020119906592,12.0,40.0
7.020831823348999,0.016478828490852138,1.977285729646704,12.0,40.0
7.029163122177124,0.016473686807225718,1.976707454256083,12.0,40.0
7.037518262863159,0.01646981593971475,1.9762804733207868,12.0,40.0
7.045827627182007,0.016467175890694463,1.9759999943398794,12.0,40.0
7.054170608520508,0.016465726917672896,1.9758612562963416,12.0,40.0
7.062495470046997,0.016465429560586387,1.9758595328340007,12.0,40.0
7.070825576782227,0.016466244665901186,1.9759901350577,12.0,40.0
7.079160928726196,0.01646813340772013,1.9762484139787673,12.0,40.0
7.0874950885772705,0.01647105730609333,1.976629762631409,12.0,40.0
7.095825433731079,0.0164749782427549,1.9771296178880025,12.0,40.0
7.104161977767944,0.01647985847453981,1.9777434620024947,12.0,40.0
7.112492561340332,0.016485660644713462,1.9784668239113905,12.0,40.0
7.1208336353302,0.0164923477924539,1.979295280321255,12.0,40.0
7.129158020019531,0.016499883360761913,1.9802244566104674,12.0,40.0
7.1374945640563965,0.016508231202941204,1.9812500275712692,12.0,40.0
7.145836353302002,0.01661166756892385,2.005002593452522,12.0,40.0
7.1541852951049805,0.01771441685380104,2.1652516068666716,12.0,40.0
7.162549018859863,0.01967705758930194,2.4282829379404416,12.0,40.0
7.166691541671753,0.010351257525115898,2.484301806027631,12.0,40.0
7.170865058898926,0.01053714753781243,2.528915409074977,12.0,40.0
7.175036668777466,0.010780755846981904,2.5873814032756317,12.0,40.0
7.179231882095337,0.01102422051506835,2.645812923616529,12.0,40.0
7.183391094207764,0.011103585691680351,2.664860566003305,12.0,40.0
7.1875526905059814,0.011206787767669368,2.689629064240495,12.0,40.0
7.191709280014038,0.01124858164483733,2.699659594761122,12.0,40.0
7.195868492126465,0.011241049983050644,2.6978519959322766,12.0,40.0
7.200047492980957,0.01133774590369896,2.721059016887709,12.0,40.0
7.204195499420166,0.011394192120816271,2.734606108996081,12.0,40.0
7.208354711532593,0.011415003594082762,2.7396008625796986,12.0,40.0
7.212522983551025,0.011410988251221,2.738637180293174,12.0,40.0
7.216700553894043,0.011489916866899819,2.7575800480561545,12.0,40.0
7.220853805541992,0.011529893600714658,2.7671744641716867,12.0,40.0
7.225016117095947,0.011539930767552775,2.7695833842127113,12.0,40.0
7.229190826416016,0.011534332871953268,2.7682398892689664,12.0,40.0
7.233371734619141,0.01160309787450764,2.7847434898817776,12.0,40.0
7.237544298171997,0.011638057634829835,2.793133832359207,12.0,40.0
7.241710424423218,0.011646913969986628,2.7952593527968865,12.0,40.0
7.245870113372803,0.01164150193333846,2.7939604640013274,12.0,40.0
7.250032663345337,0.011671901675512686,2.8012564021231654,12.0,40.0
7.2542102336883545,0.011719699240105186,2.8127278176253374,12.0,40.0
7.2583677768707275,0.011739480160319005,2.8174752384767117,12.0,40.0
7.262536287307739,0.01174203174761601,2.8180876194276547,12.0,40.0
7.266707181930542,0.011736788397548992,2.816829215411591,12.0,40.0
7.2708611488342285,0.011805909269680726,2.8334182247233843,12.0,40.0
7.275012969970703,0.01184505668451763,2.842813604284274,12.0,40.0
7.279186010360718,0.011859870898399905,2.8463690156158905,12.0,40.0
7.283348798751831,0.011856357333465795,2.845525760031972,12.0,40.0
7.287528038024902,0.011939861371468297,2.865566729152423,12.0,40.0
7.291684865951538,0.011990396270427084,2.8776951049025334,12.0,40.0
7.295849323272705,0.01201440115841379,2.883456278019203,12.0,40.0
7.300018310546875,0.012018844765869119,2.8845227438084806,12.0,40.0
7.304177761077881,0.012059566707947056,2.8942960099073756,12.0,40.0
7.308351278305054,0.012127714268530099,2.910651424447252,12.0,40.0
7.312515497207642,0.012166209282293394,2.919890227750453,12.0,40.0
7.316681146621704,0.012181129030745197,2.9234709673787043,12.0,40.0
7.320850849151611,0.012177777723945127,2.9226666537467856,12.0,40.0
7.325013637542725,0.012265975612658409,2.943834147038033,12.0,40.0
7.329181909561157,0.012321359868547432,2.9571263684515388,12.0,40.0
7.3333516120910645,0.012350249643722222,2.9640599144931232,12.0,40.0
7.337531089782715,0.012103328661902779,2.9047988788567602,12.0,40.0
7.341695547103882,0.011722336685229706,2.813360804455233,12.0,40.0
7.345879793167114,0.011517960421199902,2.764310501088002,12.0,40.0
7.350062131881714,0.011237137729706248,2.6969130551295657,12.0,40.0
7.354223251342773,0.010964274021038278,2.6314257650492365,12.0,40.0
7.358376741409302,0.010770355136276777,2.5848852327063896,12.0,40.0
7.3625640869140625,0.010718837906157574,2.5725210974778983,12.0,40.0
7.366731405258179,0.010563023983507946,2.535125756041982,12.0,40.0
7.370881080627441,0.010456778620509866,2.5096268689221843,12.0,40.0
7.375062704086304,0.010369407479268844,2.488657795024549,12.0,40.0
7.379226922988892,0.010466039459354093,2.51184947024499,12.0,40.0
7.383391618728638,0.010431202621516533,2.5034886291640412,12.0,40.0
7.387537479400635,0.010380502286551518,2.491320548772467,12.0,40.0
7.391722202301025,0.01043244551522271,2.5037869236536334,12.0,40.0
7.39589786529541,0.010459225498165026,2.510214119559448,12.0,40.0
7.400046110153198,0.010418407853871159,2.5004178849289813,12.0,40.0
7.404199838638306,0.010394311777634613,2.49463482663231,12.0,40.0
7.408376216888428,0.010489346988393322,2.517443277214256,12.0,40.0
7.412543296813965,0.010500606756474795,2.5201456215538234,12.0,40.0
7.416708707809448,0.010456189930827975,2.5094855833985736,12.0,40.0
7.420889139175415,0.010425447284074352,2.5021073481779537,12.0,40.0
7.425058841705322,0.010511826162087345,2.5228382789009607,12.0,40.0
7.429202556610107,0.010509663501085953,2.522319240260619,12.0,40.0
7.4333720207214355,0.010464858603173255,2.51156606476141,12.0,40.0
7.437533140182495,0.01045025760830498,2.508061825993153,12.0,40.0
7.441713333129883,0.010535633493413243,2.5285520384190874,12.0,40.0
7.445889949798584,0.01051177121584601,2.5228250918029684,12.0,40.0
7.450034141540527,0.01046680651602827,2.512033563846963,12.0,40.0
7.454222917556763,0.010449084622235816,2.5077803093366864,12.0,40.0
7.458388328552246,0.010528614846700535,2.5268675632081563,12.0,40.0
7.462557077407837,0.010500194110768746,2.5200465865845367,12.0,40.0
7.466696739196777,0.010454074206931452,2.5089778096634388,12.0,40.0
7.470889568328857,0.010439630164773561,2.50551123954561,12.0,40.0
7.4750425815582275,0.010518067056288771,2.524336093509293,12.0,40.0
7.479210138320923,0.010455377763701534,2.509290663288203,12.0,40.0
7.48339056968689,0.010387566608036636,2.4930159859286585,12.0,40.0
7.487531423568726,0.010377201723514418,2.4905284136435717,12.0,40.0
7.491713047027588,0.010461068827614994,2.5106565186274494,12.0,40.0
7.49588942527771,0.010439531013991754,2.5054874433579974,12.0,40.0
7.500030040740967,0.010396702914325928,2.4952086994380838,12.0,40.0
7.50421929359436,0.010379311093048571,2.4910346623314923,12.0,40.0
7.508384466171265,0.010462043413062005,2.510890419134833,12.0,40.0
7.512558937072754,0.010433471529081473,2.504033166979354,12.0,40.0
7.516698122024536,0.010385855939944122,2.4926054255864334,12.0,40.0
7.520886659622192,0.010368424306125945,2.4884218334700257,12.0,40.0
7.525040149688721,0.010451198960925723,2.508287750622002,12.0,40.0
7.529208660125732,0.010385630800065826,2.4925513920159554,12.0,40.0
7.533390522003174,0.01031544151096142,2.475705962630718,12.0,40.0
7.537529706954956,0.010304054376499394,2.4729730503597662,12.0,40.0
7.541707754135132,0.010391645613845313,2.4939949473229492,12.0,40.0
7.545891284942627,0.010369418608629388,2.488660466071156,12.0,40.0
7.550034999847412,0.01032527599239863,2.4780662381756917,12.0,40.0
7.554198741912842,0.01031146898055546,2.4747525553331076,12.0,40.0
7.558375120162964,0.010396680163291094,2.4952032391896597,12.0,40.0
7.562560081481934,0.010365814386736005,2.4877954528167385,12.0,40.0
7.566702604293823,0.010316381112765782,2.475931467063604,12.0,40.0
7.570868253707886,0.010303976505447565,2.472954361307475,12.0,40.0
7.575057744979858,0.010328948255068582,2.4789475812164072,12.0,40.0
7.579225301742554,0.010282098866841949,2.467703728042049,12.0,40.0
7.5833892822265625,0.010247855081157553,2.4594852194777936,12.0,40.0
7.587542772293091,0.010303463287060666,2.4728311888945873,12.0,40.0
7.591721534729004,0.010308645980234843,2.47407503525638,12.0,40.0
7.595880031585693,0.010262650306394505,2.4630360735345227,12.0,40.0
7.600071668624878,0.010222152419933295,2.4533165807839703,12.0,40.0
7.604230880737305,0.010272582113392659,2.465419707214438,12.0,40.0
7.6083824634552,0.010285038875974095,2.4684093302335834,12.0,40.0
7.612550973892212,0.010243248326240462,2.458379598297591,12.0,40.0
7.616705656051636,0.01021665241414027,2.4519965793938194,12.0,40.0
7.620878458023071,0.010317278890866532,2.476146933807823,12.0,40.0
7.625044584274292,0.010330535625660886,2.47932855015875,12.0,40.0
7.6292290687561035,0.010273311738854929,2.465594817324975,12.0,40.0
7.633388519287109,0.010243559181784434,2.4584542036282024,12.0,40.0
7.637546062469482,0.010333305771895951,2.4799933852550446,12.0,40.0
7.641719579696655,0.01032456595078024,2.4778958281874233,12.0,40.0
7.645874261856079,0.010262084500210378,2.4629002800503224,12.0,40.0
7.6500325202941895,0.010228433654011937,2.4548240769629532,12.0,40.0
7.654212713241577,0.010317428163549636,2.4761827592521186,12.0,40.0
7.658382415771484,0.010247259983000134,2.4593423959199656,12.0,40.0
7.662545442581177,0.01019407715600984,2.4465785174423713,12.0,40.0
7.6667234897613525,0.010155094432631628,2.437222663831681,12.0,40.0
7.6709020137786865,0.010244426737944679,2.4586624171066,12.0,40.0
7.6750571727752686,0.010183463223995659,2.444031173758928,12.0,40.0
7.679209232330322,0.010139522619114771,2.433485428587704,12.0,40.0
7.683361530303955,0.010121031032179317,2.4290474477230357,12.0,40.0
7.687542676925659,0.010211277460397739,2.450706590495404,12.0,40.0
7.691737651824951,0.010188006090176671,2.4451214616425414,12.0,40.0
7.6958909034729,0.010149142425868618,2.4357941822086002,12.0,40.0
7.700026750564575,0.010136031819090618,2.4326476365818923,12.0,40.0
7.704217910766602,0.010217001519229996,2.452080364615087,12.0,40.0
7.708416700363159,0.010182533237310665,2.443807976954619,12.0,40.0
7.712559461593628,0.0101354374191569,2.432504980597757,12.0,40.0
7.716718673706055,0.010114782423812585,2.4275477817149316,12.0,40.0
7.720901250839233,0.01019410719036351,2.446585725687231,12.0,40.0
7.725054979324341,0.010126334699110728,2.430320327786384,12.0,40.0
7.729234933853149,0.010051427790573442,2.4123426697376265,12.0,40.0
7.733387231826782,0.010036271634694671,2.4087051923267975,12.0,40.0
7.737548828125,0.010120921804251282,2.4290212330203804,12.0,40.0
7.741735219955444,0.010097370755556057,2.4233689813334407,12.0,40.0
7.745889663696289,0.010059686021509862,2.4143246451622846,12.0,40.0
7.7500293254852295,0.010047044736170463,2.4112907366810985,12.0,40.0
7.754215955734253,0.01012906697368976,2.4309760736856934,12.0,40.0
7.758406639099121,0.010096044473860033,2.423050673726303,12.0,40.0
7.762564182281494,0.010051180655187508,2.4122833572452045,12.0,40.0
7.766698837280273,0.010038431904005662,2.409223656961431,12.0,40.0
7.770886421203613,0.010119595909120704,2.4287030181889087,12.0,40.0
7.77509069442749,0.010080725774360033,2.4193741858464866,12.0,40.0
7.779227256774902,0.010031105420461373,2.4074653009108293,12.0,40.0
7.7833945751190186,0.010008922212316307,2.4021413309561175,12.0,40.0
7.787569761276245,0.010090497837781598,2.421719481067432,12.0,40.0
7.791729211807251,0.010019409892773723,2.404658374265686,12.0,40.0
7.800061941146851,0.019937770184611736,2.398871842604241,12.0,40.0
7.804230690002441,0.010025047692876043,2.406011446290332,12.0,40.0
7.812541484832764,0.01992629465821416,2.3869834131366345,12.0,40.0
7.820881128311157,0.019997737944921212,2.4009335686619195,12.0,40.0
7.829207181930542,0.019875378978786884,2.381036488223653,12.0,40.0
7.837546110153198,0.01995581118054801,2.3962299402968568,12.0,40.0
7.845871686935425,0.019836121133209872,2.3764052539502023,12.0,40.0
7.850057601928711,0.010002314470606066,2.400555472945359,12.0,40.0
7.8542256355285645,0.010000703010524248,2.400168722525752,12.0,40.0
7.862543106079102,0.019854251646540533,2.3784832539642613,12.0,40.0
7.86671257019043,0.01000481428041411,2.4011554272993543,12.0,40.0
7.870906591415405,0.01003650388138233,2.4087609315316296,12.0,40.0
7.879223823547363,0.019878514014012083,2.381580736833378,12.0,40.0
7.883377313613892,0.01000390271114604,2.400936650675251,12.0,40.0
7.891717195510864,0.01980885614340977,2.3705390062589036,12.0,40.0
7.900065660476685,0.01977057066071275,2.3827286051265544,12.0,40.0
7.908375978469849,0.019685871684391287,2.356901545382618,12.0,40.0
7.916710138320923,0.019693957435002574,2.373931606444545,12.0,40.0
7.925059080123901,0.019694526104505172,2.3586328513557286,12.0,40.0
7.9333789348602295,0.019712203195853206,2.375377871186817,12.0,40.0
7.9417219161987305,0.01968351453763617,2.3565543944224925,12.0,40.0
7.950042009353638,0.019687850809271268,2.3721975976000356,12.0,40.0
7.958393812179565,0.019644028239076405,2.3514196655133195,12.0,40.0
7.96673321723938,0.019632201789747228,2.365482498221253,12.0,40.0
7.9750816822052,0.019497993329963492,2.330650155033788,12.0,40.0
7.9833807945251465,0.01947869052725615,2.347902955544873,12.0,40.0
7.991745710372925,0.019376207710017468,2.307729289965406,12.0,40.0
8.00015115737915,0.019445924745463472,2.3465816268726676,12.0,40.0
8.008449077606201,0.019773501958351147,2.394690056201333,12.0,40.0
8.01671838760376,0.020045827967917873,2.4133717121654654,12.0,40.0
8.025067567825317,0.01986059278587149,2.37381842993986,12.0,40.0
8.033387899398804,0.019372908408932688,2.304804115981676,12.0,40.0
8.04172968864441,0.0188624292225672,2.2475931444067334,12.0,40.0
8.050141334533691,0.01825068225140747,2.1734363569769743,12.0,40.0
8.058371305465698,0.017576027279941897,2.091149648671236,12.0,40.0
8.066690444946289,0.01699548547449048,2.0275355427675064,12.0,40.0
8.075081825256348,0.016691769549682434,1.9856524046769286,12.0,40.0
8.083393335342407,0.0164572994189367,1.9742802425457904,12.0,40.0
8.091755151748657,0.01642617486215414,1.9686585710151758,12.0,40.0
8.100063562393188,0.016448275936443935,1.9752758135174373,12.0,40.0
8.108381032943726,0.016474432103763093,1.976718604153994,12.0,40.0
8.116733312606812,0.016496593509312873,1.981703645053173,12.0,40.0
8.125058889389038,0.016550810876992728,1.9871332231137706,12.0,40.0
8.133426666259766,0.016534809861102673,1.9880939122502193,12.0,40.0
8.141720533370972,0.016621368883445342,1.996025028821434,12.0,40.0
8.15007734298706,0.016513203550527322,1.9868845626341025,12.0,40.0
8.15844178199768,0.01665690632666461,1.9880554114467044,12.0,40.0
8.166784524917603,0.016554472647754892,1.9901433055033446,12.0,40.0
8.175129413604736,0.01693866462402127,2.02796196721054,12.0,40.0
8.183444261550903,0.01675921381590406,2.0082459001315898,12.0,40.0
8.19175410270691,0.016898495545097703,2.0581296583931263,12.0,40.0
8.200054407119751,0.01701270469714622,2.0330638053772385,12.0,40.0
8.208434343338013,0.01709905047657223,2.084143273844883,12.0,40.0
8.21672797203064,0.017382966107103215,2.0793561728249674,12.0,40.0
8.225052833557129,0.017165576673042082,2.055834723208331,12.0,40.0
8.233449697494507,0.017599956192228206,2.1152657156112804,12.0,40.0
8.241725444793701,0.01754672208736885,2.1013185279821585,12.0,40.0
8.250160694122314,0.017670919089466608,2.126653287295661,12.0,40.0
8.258398532867432,0.017743975446760984,2.127203883028509,12.0,40.0
8.26681113243103,0.017646498567982505,2.1200883941836595,12.0,40.0
8.275093793869019,0.017699387762002416,2.129766587362582,12.0,40.0
8.283491134643555,0.017651997187071444,2.1117777238836886,12.0,40.0
8.29180645942688,0.017764898719823563,2.135572666105472,12.0,40.0
8.300122261047363,0.017797632524079177,2.1356181857336214,12.0,40.0
8.308459997177124,0.017846942772600016,2.142103063613899,12.0,40.0
8.316756248474121,0.01781174258450058,2.136658633977723,12.0,40.0
8.325066089630127,0.017858856191285355,2.143496919468885,12.0,40.0
8.333422660827637,0.017823765722118523,2.1387165226459808,12.0,40.0
8.341710090637207,0.01787253292978086,2.1449301873188547,12.0,40.0
8.350062131881714,0.0178409582068646,2.1400950917979236,12.0,40.0
8.358375787734985,0.01787755927980683,2.1451970636698343,12.0,40.0
8.366733312606812,0.017848220970876127,2.142109556517077,12.0,40.0
8.37503957748413,0.0178840814282335,2.1454982794920463,12.0,40.0
8.3834228515625,0.0178550126214585,2.1443447188368605,12.0,40.0
8.39175820350647,0.017894456819767868,2.147181331284087,12.0,40.0
8.400094985961914,0.01784370524537593,2.1417939145422986,12.0,40.0
8.408419609069824,0.01786566288648217,2.1427237377547623,12.0,40.0
8.416752099990845,0.01783632289181547,2.1431086371373462,12.0,40.0
8.425078630447388,0.01786300775579619,2.1421920150830194,12.0,40.0
8.433420658111572,0.017839286963885925,2.143427456787671,12.0,40.0
8.441755294799805,0.01785722286686031,2.1411732126239347,12.0,40.0
8.450076341629028,0.017840592357249108,2.1436448928706073,12.0,40.0
8.458354949951172,0.017865618048753973,2.143456796341689,12.0,40.0
8.466737985610962,0.017845012841624097,2.1439569217488836,12.0,40.0
8.475068807601929,0.017856840414440356,2.141357036573959,12.0,40.0
8.483447074890137,0.01784411713354217,2.1437178018364085,12.0,40.0
8.491740465164185,0.01784935526521636,2.1406051565396673,12.0,40.0
8.500102996826172,0.017847496204119295,2.1440565847605177,12.0,40.0
8.508456468582153,0.017834060207219338,2.1374242085327397,12.0,40.0
8.516748428344727,0.01784724193125875,2.143961516814853,12.0,40.0
8.525104284286499,0.017832602332084946,2.136810797359857,12.0,40.0
8.5334153175354,0.01784933647976139,2.144087837064759,12.0,40.0
8.541763544082642,0.01783411940808577,2.1379194321061954,12.0,40.0
8.550073623657227,0.017852892465715087,2.144349424868115,12.0,40.0
8.558419466018677,0.017837072282501865,2.1382890338915637,12.0,40.0
8.56673812866211,0.017854464339636777,2.1443479354765773,12.0,40.0
8.575091123580933,0.01783943615373751,2.138717946975972,12.0,40.0
8.583404064178467,0.017856948719890298,2.1444384256210864,12.0,40.0
8.591786623001099,0.017851006224365307,2.1415403922299383,12.0,40.0
8.60011076927185,0.017860845272579695,2.1446966833140144,12.0,40.0
8.608469724655151,0.017831921887065505,2.1367725646249376,12.0,40.0
8.616776704788208,0.017860552976866728,2.1443887084131745,12.0,40.0
8.625138521194458,0.017833048319637612,2.1371437195934013,12.0,40.0
8.633435487747192,0.017864577083532396,2.1446393438423623,12.0,40.0
8.64181137084961,0.017832813631304845,2.137182917111175,12.0,40.0
8.650075197219849,0.017863575507092833,2.144281123774283,12.0,40.0
8.658449649810791,0.017827991682505484,2.1369344333248983,12.0,40.0
8.666778802871704,0.017862464863085847,2.1438487510734636,12.0,40.0
8.675119161605835,0.017835710041250508,2.137555424039905,12.0,40.0
8.683480739593506,0.017862482119468837,2.143571641109131,12.0,40.0
8.691786766052246,0.01783574335400573,2.137839454159467,12.0,40.0
8.700114488601685,0.017862391051096438,2.143497407899092,12.0,40.0
8.708425045013428,0.017831021678009762,2.138287206706702,12.0,40.0
8.716771602630615,0.017862430383349448,2.1433206195094123,12.0,40.0
8.725120306015015,0.017829422233109682,2.1389879760644765,12.0,40.0
8.733482122421265,0.01786297516923696,2.1430587696089156,12.0,40.0
8.741793870925903,0.01783907349596703,2.139153731359745,12.0,40.0
8.750096559524536,0.017860887984330276,2.1426817151253568,12.0,40.0
8.758420705795288,0.017830102410695048,2.1399701358912977,12.0,40.0
8.7667555809021,0.017867250579925553,2.1437414697651653,12.0,40.0
8.775092601776123,0.017825883158050004,2.1403968681606043,12.0,40.0
8.7834312915802,0.0178659098874121,2.143457979074476,12.0,40.0
8.79176950454712,0.017830123035480483,2.1409462569504405,12.0,40.0
8.800059795379639,0.01772714647194462,2.1101083252234005,12.0,40.0
8.808462381362915,0.017711408036664267,2.139162212137794,12.0,40.0
8.81677508354187,0.01784259279369138,2.138232669321624,12.0,40.0
8.825119495391846,0.017798052481598603,2.141267001983939,12.0,40.0
8.833436965942383,0.01783304589674728,2.136117405700842,12.0,40.0
8.84181809425354,0.01778710247277715,2.141148942438958,12.0,40.0
8.850168228149414,0.01780094616849226,2.1337789780830696,12.0,40.0
8.85850191116333,0.017735501516664698,2.1354484630589203,12.0,40.0
8.86680269241333,0.017749531067973834,2.1253412603686286,12.0,40.0
8.875135898590088,0.01766223631454622,2.1251550193049735,12.0,40.0
8.883437395095825,0.01766630428858562,2.1156005460036713,12.0,40.0
8.891789436340332,0.017607572705088614,2.11766106456371,12.0,40.0
8.900137424468994,0.017598919024411686,2.106198386242149,12.0,40.0
8.908498048782349,0.017459320650115018,2.1005255496665822,12.0,40.0
8.916789054870605,0.017450467105383893,2.089607866843321,12.0,40.0
8.925154209136963,0.01745755517856651,2.1054250388951563,12.0,40.0
8.933379888534546,0.017543084107611406,2.1044517639942177,12.0,40.0
8.941823482513428,0.017554397067893746,2.107591408298691,12.0,40.0
8.950097560882568,0.01750855259612294,2.0958819956474266,12.0,40.0
8.958477020263672,0.01731655175974467,2.081102946500644,12.0,40.0
8.966760873794556,0.01729607458017668,2.0716533074404433,12.0,40.0
8.97513484954834,0.01736778867790889,2.095921585401351,12.0,40.0
8.983386278152466,0.01744731970275737,2.095356586899066,12.0,40.0
8.991831064224243,0.01755133351823801,2.1101366315893118,12.0,40.0
9.000083923339844,0.017469414222002655,2.0960170434934655,12.0,40.0
9.00849962234497,0.017423201974821723,2.0967100829913727,12.0,40.0
9.016730070114136,0.017442922361162516,2.0907128730452245,12.0,40.0
9.025136709213257,0.017435472435607835,2.0956681981463277,12.0,40.0
9.03346562385559,0.017522016051398026,2.101020436962206,12.0,40.0
9.041811466217041,0.017578453021400264,2.1115115174600922,12.0,40.0
9.050108432769775,0.017561849116280115,2.103667618810232,12.0,40.0
9.058457851409912,0.017585054452759152,2.112736415786537,12.0,40.0
9.066818475723267,0.017500164362250104,2.0982918174403244,12.0,40.0
9.075161695480347,0.017490893107233063,2.1070985340184674,12.0,40.0
9.083483695983887,0.017582982270557324,2.1090743433216614,12.0,40.0
9.0918128490448,0.017671463696949274,2.122124999667694,12.0,40.0
9.100099086761475,0.017658697588483818,2.11560564260723,12.0,40.0
9.108445167541504,0.017771404076935227,2.1346329670173065,12.0,40.0
9.116765975952148,0.017763182675334832,2.12865390301923,12.0,40.0
9.125149250030518,0.01780658147716707,2.135953275005224,12.0,40.0
9.133489847183228,0.01778826757524854,2.130933074268812,12.0,40.0
9.141826868057251,0.017824533806027887,2.1414728739102524,12.0,40.0
9.150140523910522,0.017811072550301787,2.135769352858161,12.0,40.0
9.15843939781189,0.01782853211301827,2.14147586034823,12.0,40.0
9.166780948638916,0.01781832815611395,2.136111157778513,12.0,40.0
9.175113916397095,0.017829313863749974,2.1414197841273297,12.0,40.0
9.183441400527954,0.01781895258179489,2.1368833378368786,12.0,40.0
9.19178581237793,0.017830203821187496,2.1411247962503186,12.0,40.0
9.200114965438843,0.01781647252713725,2.1370595713873244,12.0,40.0
9.208446979522705,0.017833355713719357,2.141437247078318,12.0,40.0
9.216768980026245,0.01781681519764433,2.137243699754348,12.0,40.0
9.225115537643433,0.017834128396458482,2.1415534146138064,12.0,40.0
9.233447790145874,0.01781695445600917,2.1375396114205705,12.0,40.0
9.241787433624268,0.01783618010701815,2.141408715548509,12.0,40.0
9.250112295150757,0.017818293639596305,2.1378755281551696,12.0,40.0
9.258479833602905,0.017840743510884494,2.141624878412271,12.0,40.0
9.266817331314087,0.017814285593839685,2.1394789314686777,12.0,40.0
9.275138854980469,0.017844946710113163,2.1414521096269445,12.0,40.0
9.283487558364868,0.017826896688312388,2.139848973391276,12.0,40.0
9.291803121566772,0.017845977924508816,2.1416309685090216,12.0,40.0
9.30012583732605,0.017831365896423534,2.1402425222450594,12.0,40.0
9.308476686477661,0.017842663297017225,2.140960067107032,12.0,40.0
9.316838502883911,0.017821446761594473,2.138697353788928,12.0,40.0
9.325175285339355,0.01784605350058044,2.141339684751187,12.0,40.0
9.33349347114563,0.01782209198371376,2.1393424310456055,12.0,40.0
9.341792106628418,0.017844691524938838,2.1407875313903317,12.0,40.0
9.350131511688232,0.017813307603987028,2.139703314948049,12.0,40.0
9.358440637588501,0.017843803655011925,2.140459465165161,12.0,40.0
9.36679458618164,0.017812696156500607,2.1396471782301654,12.0,40.0
9.375125408172607,0.017839343604126867,2.1398075238175402,12.0,40.0
9.383444547653198,0.01781400103439168,2.139191495701757,12.0,40.0
9.391759157180786,0.017841200191888618,2.1398775952316273,12.0,40.0
9.400110483169556,0.017813326841970678,2.138725211090707,12.0,40.0
9.408427953720093,0.017836900731914795,2.139190389292017,12.0,40.0
9.416776418685913,0.01781984310760265,2.139657255670726,12.0,40.0
9.425085306167603,0.017837314290655826,2.139035570014714,12.0,40.0
9.433442831039429,0.017821772472345287,2.140003908539019,12.0,40.0
9.441743612289429,0.01784239122639164,2.1402680813697095,12.0,40.0
9.45011568069458,0.017822947396020083,2.1399730895413587,12.0,40.0
9.458419799804688,0.017832100334327805,2.138084482277198,12.0,40.0
9.466778039932251,0.017827202079509163,2.140524405171421,12.0,40.0
9.47509503364563,0.01783631209520209,2.138822459533026,12.0,40.0
9.483447074890137,0.017831433540337116,2.1407418848377415,12.0,40.0
9.491806030273438,0.017829384004414806,2.1371531521644607,12.0,40.0
9.500153303146362,0.01783623392728373,2.141389573746554,12.0,40.0
9.508482217788696,0.017837642948428822,2.1390838014210085,12.0,40.0
9.51681637763977,0.017844389480384137,2.1424998488385416,12.0,40.0
9.525103569030762,0.017839919089986722,2.139524629667009,12.0,40.0
9.533446073532104,0.017837226332165557,2.1423504283516603,12.0,40.0
9.541764736175537,0.0178386854518493,2.1402574255754936,12.0,40.0
9.55010175704956,0.017842736176369556,2.142725138502089,12.0,40.0
9.558437585830688,0.017818182298107388,2.1355191294397415,12.0,40.0
9.56676983833313,0.017843243405049947,2.142562399585869,12.0,40.0
9.57511830329895,0.01780121073329255,2.1353703672221895,12.0,40.0
9.58344054222107,0.017841301882825178,2.141775099607632,12.0,40.0
9.591787099838257,0.01781575686934289,2.1359994852099136,12.0,40.0
9.600104331970215,0.01784168633529859,2.141963967667025,12.0,40.0
9.608447074890137,0.017817663755000268,2.1362872729095015,12.0,40.0
9.616774559020996,0.017843083936185167,2.1420720940713807,12.0,40.0
9.62511420249939,0.017819199818230658,2.136817660617052,12.0,40.0
9.633439540863037,0.01784173533551936,2.1419414375103565,12.0,40.0
9.641777753829956,0.017819668602822247,2.1373441493692384,12.0,40.0
9.650107145309448,0.01784823647516376,2.1424020870040503,12.0,40.0
9.658446073532104,0.017820513640927516,2.1375309948281895,12.0,40.0
9.66677212715149,0.01784634403791685,2.1420476686328236,12.0,40.0
9.67510986328125,0.017820334363129575,2.1382811092268206,12.0,40.0
9.683434009552002,0.01784876248661149,2.1422294551959866,12.0,40.0
9.691780090332031,0.017820955976873165,2.138584595150526,12.0,40.0
9.70010232925415,0.01784895367826067,2.1421234889925382,12.0,40.0
9.708449363708496,0.01782567797420498,2.139360302358546,12.0,40.0
9.716820001602173,0.0178443536477495,2.141536107959932,12.0,40.0
9.725172996520996,0.017818626455976982,2.1397607882960026,12.0,40.0
9.73354196548462,0.017851312278391873,2.141709232400426,12.0,40.0
9.741841316223145,0.017823144961031545,2.138516285204963,12.0,40.0
9.750145435333252,0.01785551468355351,2.1426346689609663,12.0,40.0
9.75846815109253,0.017849246166829147,2.139419900688394,12.0,40.0
9.76679539680481,0.017851338551540863,2.1417437116012787,12.0,40.0
9.77511715888977,0.01780812988054592,2.1403382993121154,12.0,40.0
9.783496856689453,0.017860611332441323,2.1434611508557757,12.0,40.0
9.791839599609375,0.01781724447906896,2.140562381933044,12.0,40.0
9.800159454345703,0.017857487985480702,2.143077361268556,12.0,40.0
9.808464050292969,0.017822033960928962,2.1411575441290625,12.0,40.0
9.816787719726562,0.01785855516922652,2.1431947591084373,12.0,40.0
9.825125694274902,0.01782394556710898,2.1412498483568867,12.0,40.0
9.833451747894287,0.01785613813378717,2.1428569641444817,12.0,40.0
9.841788053512573,0.017827743304362542,2.14139989062991,12.0,40.0
9.850115537643433,0.017838192790041063,2.1386945601436165,12.0,40.0
9.858482360839844,0.017830867854822685,2.141692172501763,12.0,40.0
9.866825103759766,0.017853271775905455,2.1425205916347707,12.0,40.0
9.875147581100464,0.01783286110503468,2.1417624298273847,12.0,40.0
9.883502006530762,0.017850447956991644,2.141962728841482,12.0,40.0
9.891803503036499,0.01783574749809347,2.1419430566321043,12.0,40.0
9.900135278701782,0.01783531760204582,2.13853446877054,12.0,40.0
9.908473014831543,0.01784073170476219,2.1423587577978154,12.0,40.0
9.916799068450928,0.017831984030554082,2.1369747790643094,12.0,40.0
9.925128936767578,0.017841025469419236,2.142353637275262,12.0,40.0
9.933456659317017,0.01782896216199248,2.136433064801468,12.0,40.0
9.941768884658813,0.017839423904266738,2.1428992889669742,12.0,40.0
9.95010757446289,0.017836267599310673,2.137911455334213,12.0,40.0
9.958455562591553,0.017840797434931943,2.1427687739213135,12.0,40.0
9.966804504394531,0.017844771963915207,2.1402893230353692,12.0,40.0
9.975141048431396,0.017843044498146554,2.142815793996551,12.0,40.0
9.98348879814148,0.017824234301848207,2.1356977438408467,12.0,40.0
9.991775274276733,0.017844506513931435,2.1429047259953378,12.0,40.0
10.000142097473145,0.017826224049656503,2.1353689015618116,12.0,40.0
10.008455514907837,0.017841936710244255,2.1417304660195056,12.0,40.0
10.01684045791626,0.017839207874068563,2.1364559627031294,12.0,40.0
10.025168657302856,0.017844242324567716,2.1422411719796695,12.0,40.0
10.03347897529602,0.01782518227625829,2.136600807499781,12.0,40.0
10.041789770126343,0.017837317188256208,2.1423743093101004,12.0,40.0
10.05014681816101,0.01781839315667355,2.1365769809456934,12.0,40.0
10.058506488800049,0.017832984383623796,2.140904195998205,12.0,40.0
10.066857814788818,0.01783497166134751,2.1369768604262105,12.0,40.0
10.0752272605896,0.017837102917649617,2.1418876601535777,12.0,40.0
10.083543539047241,0.01783305090732412,2.1353358867073284,12.0,40.0
10.091840982437134,0.01780652110080183,2.139349795828921,12.0,40.0
10.100162744522095,0.01778665778370936,2.1353660308767157,12.0,40.0
10.108475923538208,0.017821413822815657,2.1407916579371773,12.0,40.0
10.116816520690918,0.017821905357948253,2.1356234518101114,12.0,40.0
10.1251220703125,0.017818626953289396,2.13946935552519,12.0,40.0
10.133466005325317,0.01781693957446251,2.1362224696131342,12.0,40.0
10.141759395599365,0.0178239225515604,2.140359131161903,12.0,40.0
10.150134563446045,0.017814972034074117,2.1375462108575896,12.0,40.0
10.158435344696045,0.01782856539277944,2.1412795113144565,12.0,40.0
10.16679835319519,0.01782802628030211,2.1387121368205975,12.0,40.0
10.17508840560913,0.017847255008234697,2.143425284926715,12.0,40.0
10.183454275131226,0.01784443906407418,2.140247989700828,12.0,40.0
10.19175934791565,0.017859629888050677,2.144618495446957,12.0,40.0
10.200121879577637,0.017857005649311475,2.1401885837930057,12.0,40.0
10.208463430404663,0.01785397432987068,2.1428496874392966,12.0,40.0
10.216820001602173,0.017842840004064442,2.138379787508084,12.0,40.0
10.225141048431396,0.017853791774253835,2.142525833988982,12.0,40.0
10.233458280563354,0.017818208186898943,2.139362839729248,12.0,40.0
10.241768836975098,0.017854481884480577,2.1424867331321544,12.0,40.0
10.250141620635986,0.01782498245112052,2.138603780860665,12.0,40.0
10.258493423461914,0.01785973117362971,2.1434733034273243,12.0,40.0
10.266818523406982,0.01783329611680884,2.139243114606203,12.0,40.0
10.275187015533447,0.017861528185530773,2.143890472710951,12.0,40.0
10.283496618270874,0.01781203618336491,2.1398642882879866,12.0,40.0
10.291831016540527,0.01785850981183046,2.1431763034755265,12.0,40.0
10.300137519836426,0.01781578677874407,2.1402690059964904,12.0,40.0
10.30848503112793,0.01785910943243252,2.1436895790695782,12.0,40.0
10.316805601119995,0.017839212162158447,2.1356135906474143,12.0,40.0
10.3251633644104,0.017523650973505056,2.0843518992890964,12.0,40.0
10.333450555801392,0.017359714545314375,2.0803484366666134,12.0,40.0
10.34170389175415,0.017221675539122572,2.0624875287711806,12.0,40.0
10.350038290023804,0.017186674684644743,2.0618071920180374,12.0,40.0
10.358356952667236,0.017171101928589394,2.0601081118096944,12.0,40.0
10.366698980331421,0.017231367781889162,2.0698105773613253,12.0,40.0
10.375029802322388,0.01723682269505389,2.0678030843006545,12.0,40.0
10.383403301239014,0.017684275313097686,2.1377354278242926,12.0,40.0
10.3917396068573,0.017823295071146106,2.1357909389954983,12.0,40.0
10.400128602981567,0.017847841478026538,2.142754834794291,12.0,40.0
10.408501625061035,0.01783234674301326,2.137339214879212,12.0,40.0
10.416801452636719,0.017841626680169753,2.1426031579889893,12.0,40.0
10.42515230178833,0.017817039410395807,2.13538481859118,12.0,40.0
10.433439016342163,0.017840217415034942,2.142236310471821,12.0,40.0
10.441834449768066,0.017792181433591736,2.135134822803135,12.0,40.0
10.450149536132812,0.01783038772908796,2.1419034622282114,12.0,40.0
10.458494901657104,0.01780534809727996,2.13583023597163,12.0,40.0
